ID,UniqueBitFlag,UiQuestDetailsThemeID
1,46698,0
2,2617,0
5,60,0
6,5,0
7,10,0
8,1533,0
9,162,0
10,12,0
11,113,0
12,13,0
13,14,0
14,15,0
15,3,0
17,7,0
18,71,0
19,8,0
20,90,0
21,6,0
22,197,0
23,22,0
24,23,0
25,24,0
26,16,0
27,17,0
28,18,0
29,19,0
30,20,0
31,21,0
32,135,0
33,70,0
34,25,0
35,28,0
36,26,0
37,29,0
38,121,0
39,1,0
40,27,0
45,11,0
46,114,0
47,111,0
48,30,0
49,31,0
50,32,0
51,33,0
52,115,0
53,34,0
54,40,0
55,69,0
56,35,0
57,37,0
58,36,0
59,96,0
60,109,0
61,38,0
62,39,0
63,1564,0
64,41,0
65,42,0
66,43,0
67,44,0
68,45,0
69,46,0
70,47,0
71,48,0
72,49,0
73,50,0
74,51,0
75,52,0
76,56,0
77,2,0
78,53,0
79,54,0
80,55,0
81,1620,0
82,1616,0
83,110,0
84,112,0
85,57,0
86,58,0
87,59,0
88,108,0
89,195,0
90,210,0
91,201,0
92,216,0
93,211,0
94,61,0
95,140,0
96,62,0
97,63,0
98,64,0
99,65,0
100,1562,0
101,154,0
102,67,0
103,129,0
104,68,0
105,452,0
106,72,0
107,73,0
109,74,0
110,75,0
111,76,0
112,77,0
113,138,0
114,78,0
115,79,0
116,9,0
118,84,0
119,81,0
120,82,0
121,83,0
122,85,0
123,118,0
124,80,0
125,86,0
126,87,0
127,116,0
128,218,0
129,88,0
130,89,0
131,91,0
132,92,0
133,93,0
134,94,0
135,95,0
136,97,0
137,98,0
138,99,0
139,100,0
140,101,0
141,102,0
142,103,0
143,104,0
144,105,0
145,106,0
146,107,0
147,117,0
148,119,0
149,120,0
150,122,0
151,123,0
152,124,0
153,125,0
154,126,0
155,127,0
156,128,0
157,130,0
158,131,0
159,227,0
160,132,0
161,251,0
162,133,0
163,134,0
164,136,0
165,137,0
166,139,0
167,141,0
168,142,0
169,143,0
170,144,0
171,145,0
172,146,0
173,147,0
174,148,0
175,149,0
176,150,0
177,151,0
178,152,0
179,188,0
180,153,0
181,155,0
182,156,0
183,194,0
184,157,0
185,158,0
186,159,0
187,160,0
188,161,0
189,164,0
190,163,0
191,165,0
192,166,0
193,167,0
194,168,0
195,169,0
196,170,0
197,171,0
198,172,0
199,173,0
200,174,0
201,175,0
202,176,0
203,177,0
204,178,0
205,179,0
206,180,0
207,181,0
208,182,0
209,183,0
210,184,0
211,185,0
212,186,0
213,187,0
214,189,0
215,190,0
216,191,0
217,226,0
218,192,0
219,193,0
220,196,0
221,209,0
222,198,0
223,199,0
224,200,0
225,202,0
226,203,0
227,204,0
228,205,0
229,206,0
230,207,0
231,208,0
232,333,0
233,212,0
234,213,0
235,2620,0
237,214,0
238,1614,0
239,215,0
240,217,0
241,432,0
242,220,0
243,221,0
244,222,0
245,223,0
246,224,0
247,2619,0
248,228,0
249,229,0
250,230,0
251,231,0
252,232,0
253,233,0
255,235,0
256,236,0
257,237,0
258,238,0
259,239,0
260,240,0
261,241,0
262,242,0
263,243,0
264,1236,0
265,447,0
266,448,0
267,244,0
268,245,0
269,246,0
270,247,0
271,248,0
272,249,0
273,250,0
274,252,0
275,253,0
276,254,0
277,303,0
278,255,0
279,256,0
280,257,0
281,258,0
282,259,0
283,260,0
284,261,0
285,262,0
286,263,0
287,264,0
288,265,0
289,266,0
290,267,0
291,268,0
292,269,0
293,270,0
294,271,0
295,272,0
296,273,0
297,274,0
298,275,0
299,276,0
301,225,0
302,277,0
303,278,0
304,279,0
305,280,0
306,281,0
307,282,0
309,283,0
310,284,0
311,285,0
312,286,0
313,287,0
314,288,0
315,289,0
317,290,0
318,291,0
319,292,0
320,293,0
321,294,0
322,295,0
323,296,0
324,297,0
325,298,0
328,299,0
329,300,0
330,301,0
331,302,0
332,304,0
333,305,0
334,306,0
335,307,0
336,308,0
337,309,0
338,310,0
339,311,0
340,312,0
341,313,0
342,314,0
343,315,0
344,318,0
345,316,0
346,317,0
347,319,0
348,320,0
350,321,0
351,322,0
352,323,0
353,324,0
354,325,0
355,326,0
356,327,0
357,328,0
358,329,0
359,331,0
360,330,0
361,332,0
362,335,0
363,334,0
364,336,0
365,337,0
366,338,0
367,339,0
368,340,0
369,341,0
370,342,0
371,343,0
372,344,0
373,345,0
374,346,0
375,347,0
376,348,0
377,349,0
378,350,0
379,1615,0
380,352,0
381,353,0
382,354,0
383,355,0
384,356,0
385,357,0
386,358,0
387,359,0
388,360,0
389,361,0
391,362,0
392,363,0
393,364,0
394,365,0
395,366,0
396,367,0
397,368,0
398,369,0
399,370,0
400,371,0
401,372,0
404,378,0
405,373,0
406,374,0
407,375,0
408,376,0
409,377,0
411,536,0
412,379,0
413,380,0
414,381,0
415,382,0
416,383,0
417,384,0
418,385,0
419,386,0
420,387,0
421,388,0
422,389,0
423,390,0
424,391,0
425,392,0
426,219,0
427,393,0
428,394,0
429,395,0
430,399,0
432,396,0
433,397,0
434,398,0
435,400,0
436,401,0
437,402,0
438,403,0
439,404,0
440,405,0
441,501,0
442,406,0
443,407,0
444,408,0
445,409,0
446,410,0
447,411,0
448,412,0
449,413,0
450,414,0
451,415,0
452,416,0
453,417,0
454,418,0
455,419,0
456,420,0
457,421,0
458,422,0
459,423,0
460,424,0
461,425,0
462,426,0
463,451,0
464,427,0
465,428,0
466,429,0
467,430,0
468,431,0
469,433,0
470,440,0
471,439,0
472,434,0
473,435,0
474,436,0
475,437,0
476,438,0
477,441,0
478,442,0
479,443,0
480,444,0
481,445,0
482,446,0
483,449,0
484,450,0
485,1628,0
486,453,0
487,454,0
488,455,0
489,456,0
490,457,0
491,458,0
492,459,0
493,460,0
494,461,0
495,462,0
496,463,0
497,464,0
498,465,0
499,466,0
500,517,0
501,467,0
502,468,0
503,469,0
504,470,0
505,471,0
506,472,0
507,473,0
508,474,0
509,475,0
510,476,0
511,477,0
512,478,0
513,479,0
514,532,0
515,480,0
516,481,0
517,482,0
518,483,0
519,484,0
520,485,0
521,486,0
522,487,0
523,488,0
524,489,0
525,490,0
526,491,0
527,492,0
528,493,0
529,494,0
530,495,0
531,496,0
532,497,0
533,498,0
534,499,0
535,500,0
536,502,0
537,503,0
538,505,0
539,504,0
540,506,0
541,507,0
542,508,0
543,509,0
544,510,0
545,511,0
546,512,0
547,513,0
548,514,0
549,515,0
550,516,0
551,518,0
552,519,0
553,520,0
554,521,0
555,522,0
556,523,0
557,527,0
558,859,0
559,525,0
560,526,0
561,528,0
562,529,0
563,530,0
564,531,0
565,533,0
566,534,0
567,535,0
568,537,0
569,538,0
570,539,0
571,540,0
572,541,0
573,542,0
574,543,0
575,544,0
576,545,0
577,546,0
578,547,0
580,548,0
581,549,0
582,550,0
583,551,0
584,552,0
585,553,0
586,554,0
587,555,0
588,556,0
589,557,0
590,558,0
591,559,0
592,560,0
594,561,0
595,562,0
596,563,0
597,564,0
598,565,0
599,566,0
600,567,0
601,568,0
602,569,0
603,570,0
604,571,0
605,572,0
606,573,0
607,574,0
608,575,0
609,576,0
610,577,0
611,578,0
612,991,0
613,580,0
614,581,0
615,582,0
616,583,0
617,592,0
618,584,0
620,585,0
621,586,0
622,587,0
623,588,0
624,589,0
625,590,0
626,591,0
627,593,0
628,594,0
629,595,0
630,596,0
631,579,0
632,597,0
633,598,0
634,599,0
635,600,0
636,601,0
637,602,0
638,603,0
639,604,0
640,605,0
641,606,0
642,607,0
643,608,0
644,609,0
645,610,0
646,621,0
647,612,0
648,613,0
649,614,0
650,1776,0
651,616,0
652,617,0
653,618,0
654,351,0
655,611,0
656,620,0
657,625,0
658,622,0
659,623,0
660,624,0
661,626,0
662,627,0
663,628,0
664,629,0
665,630,0
666,631,0
667,632,0
668,633,0
669,634,0
670,635,0
671,636,0
672,637,0
673,638,0
674,639,0
675,640,0
676,615,0
677,641,0
678,642,0
679,643,0
680,644,0
681,645,0
682,646,0
683,647,0
684,648,0
685,649,0
686,650,0
687,651,0
688,652,0
689,653,0
690,654,0
691,655,0
692,656,0
693,657,0
694,658,0
695,659,0
696,660,0
697,661,0
698,662,0
699,663,0
700,664,0
701,665,0
702,666,0
703,667,0
704,668,0
705,669,0
706,670,0
707,2374,0
708,671,0
709,672,0
710,673,0
711,674,0
712,675,0
713,676,0
714,677,0
715,678,0
716,679,0
717,680,0
718,681,0
719,682,0
720,683,0
721,684,0
722,685,0
723,686,0
724,687,0
725,688,0
726,689,0
727,690,0
728,691,0
729,692,0
730,693,0
731,694,0
732,695,0
733,696,0
734,697,0
735,698,0
736,699,0
737,700,0
738,701,0
739,702,0
741,703,0
742,2620,0
743,705,0
744,706,0
745,707,0
746,708,0
747,709,0
748,710,0
749,711,0
750,712,0
751,713,0
752,714,0
753,715,0
754,716,0
755,717,0
756,718,0
757,719,0
758,720,0
759,721,0
760,722,0
761,723,0
762,724,0
763,725,0
764,726,0
765,727,0
766,728,0
767,729,0
768,730,0
769,731,0
770,732,0
771,733,0
772,734,0
773,735,0
775,737,0
776,738,0
777,739,0
778,740,0
780,741,0
781,742,0
782,743,0
783,744,0
784,745,0
785,746,0
786,747,0
787,748,0
788,749,0
789,750,0
790,751,0
791,752,0
792,753,0
793,754,0
794,755,0
804,756,0
805,757,0
806,758,0
807,759,0
808,760,0
809,761,0
810,762,0
811,763,0
812,764,0
814,766,0
815,767,0
816,768,0
817,769,0
818,770,0
819,771,0
820,772,0
821,773,0
823,775,0
824,779,0
825,776,0
826,777,0
827,778,0
828,780,0
829,781,0
830,782,0
831,783,0
832,784,0
833,785,0
834,765,0
835,786,0
836,787,0
837,774,0
838,788,0
839,789,0
840,790,0
842,792,0
843,793,0
844,794,0
845,795,0
846,796,0
847,797,0
848,798,0
849,799,0
850,800,0
851,801,0
852,802,0
853,803,0
854,804,0
855,805,0
856,806,0
857,807,0
858,808,0
860,809,0
861,810,0
862,811,0
863,812,0
864,813,0
865,814,0
866,815,0
867,816,0
868,817,0
869,818,0
870,819,0
871,820,0
872,821,0
873,822,0
874,823,0
875,824,0
876,825,0
877,826,0
878,827,0
879,828,0
880,829,0
881,830,0
882,831,0
883,832,0
884,833,0
885,834,0
886,835,0
887,836,0
888,837,0
890,839,0
891,840,0
892,841,0
893,842,0
894,843,0
895,844,0
896,845,0
897,846,0
898,847,0
899,848,0
900,849,0
901,850,0
902,851,0
903,852,0
905,853,0
906,854,0
907,855,0
908,856,0
909,857,0
910,1351,0
911,2444,0
912,860,0
913,861,0
914,862,0
915,2782,0
916,864,0
917,865,0
918,2739,0
919,919,0
920,868,0
921,869,0
922,870,0
923,871,0
924,872,0
925,2783,0
927,874,0
928,875,0
929,876,0
930,877,0
931,878,0
932,879,0
933,880,0
934,881,0
935,882,0
936,883,0
937,884,0
938,885,0
939,1953,0
940,886,0
941,887,0
942,888,0
943,889,0
944,892,0
945,890,0
946,891,0
947,893,0
948,894,0
949,895,0
950,896,0
951,897,0
952,898,0
953,899,0
954,900,0
955,901,0
956,902,0
957,903,0
958,904,0
959,905,0
962,907,0
963,908,0
964,909,0
965,910,0
966,911,0
967,912,0
968,913,0
969,914,0
970,915,0
971,916,0
973,918,0
974,3460,0
975,920,0
976,921,0
977,922,0
978,923,0
979,924,0
980,3461,0
981,926,0
982,927,0
983,928,0
984,929,0
985,930,0
986,931,0
988,933,0
989,934,0
990,935,0
991,936,0
992,937,0
993,938,0
994,939,0
995,940,0
997,941,0
1000,942,0
1001,943,0
1002,944,0
1003,945,0
1004,942,0
1007,947,0
1008,948,0
1009,949,0
1010,950,0
1011,951,0
1012,952,0
1013,953,0
1014,954,0
1015,983,0
1016,956,0
1017,957,0
1018,942,0
1019,983,0
1020,958,0
1021,959,0
1022,960,0
1023,961,0
1024,962,0
1025,963,0
1026,964,0
1027,965,0
1028,966,0
1029,967,0
1030,968,0
1031,969,0
1032,2638,0
1033,970,0
1034,971,0
1035,972,0
1036,2122,0
1037,973,0
1038,974,0
1039,975,0
1040,976,0
1041,977,0
1042,978,0
1043,979,0
1044,980,0
1045,981,0
1046,982,0
1047,983,0
1048,984,0
1049,985,0
1050,986,0
1051,987,0
1052,988,0
1053,989,0
1054,990,0
1055,992,0
1056,993,0
1057,994,0
1058,995,0
1059,996,0
1060,997,0
1061,998,0
1062,999,0
1063,1000,0
1064,1001,0
1065,1002,0
1066,1003,0
1067,1004,0
1068,1005,0
1069,1006,0
1070,1007,0
1071,1008,0
1072,1009,0
1073,1010,0
1074,1011,0
1075,1012,0
1076,1013,0
1077,1014,0
1078,1015,0
1079,1016,0
1080,1017,0
1081,1018,0
1082,2074,0
1083,1020,0
1084,1021,0
1085,1022,0
1086,1023,0
1087,1024,0
1088,1025,0
1089,1026,0
1090,1027,0
1091,1028,0
1092,1029,0
1093,1030,0
1094,1031,0
1095,1032,0
1096,1033,0
1097,1034,0
1098,1035,0
1100,1036,0
1101,1037,0
1102,1038,0
1104,736,0
1105,1040,0
1106,1041,0
1107,1042,0
1108,1043,0
1109,1044,0
1110,1045,0
1111,1046,0
1112,1047,0
1113,1048,0
1114,1049,0
1115,1050,0
1116,1051,0
1117,1052,0
1118,1053,0
1119,1054,0
1120,1055,0
1121,1056,0
1122,1057,0
1123,2706,0
1124,2707,0
1125,2703,0
1126,955,0
1130,1060,0
1131,1061,0
1132,1062,0
1133,1063,0
1134,1064,0
1135,1065,0
1136,1066,0
1137,1067,0
1138,1068,0
1139,1069,0
1140,1070,0
1141,1071,0
1142,1072,0
1143,1073,0
1144,1074,0
1145,1075,0
1146,1076,0
1147,1077,0
1148,1078,0
1149,1079,0
1150,1080,0
1151,1081,0
1152,1082,0
1153,1083,0
1154,1084,0
1155,1085,0
1156,1086,0
1157,1087,0
1158,1088,0
1159,1089,0
1160,1090,0
1161,1091,0
1162,1092,0
1163,1093,0
1164,1094,0
1166,1096,0
1167,1097,0
1168,1098,0
1169,1099,0
1170,1100,0
1171,1101,0
1172,1102,0
1173,1058,0
1175,1059,0
1176,1095,0
1177,1103,0
1178,1104,0
1179,1105,0
1180,1106,0
1181,1107,0
1182,1108,0
1183,1109,0
1184,1110,0
1185,1111,0
1186,1112,0
1187,1113,0
1188,1114,0
1189,1115,0
1190,1116,0
1194,1119,0
1195,1120,0
1196,1121,0
1197,1122,0
1198,1117,0
1199,1123,0
1200,1124,0
1201,1125,0
1202,1126,0
1203,1127,0
1204,1128,0
1205,1129,0
1206,1130,0
1218,1131,0
1219,1132,0
1220,1133,0
1221,1134,0
1222,1135,0
1238,1136,0
1239,1137,0
1240,1138,0
1241,1139,0
1242,1140,0
1243,1141,0
1244,1142,0
1245,1143,0
1246,1144,0
1247,1145,0
1248,1146,0
1249,1147,0
1250,1148,0
1251,1149,0
1252,1150,0
1253,1151,0
1258,1152,0
1259,1153,0
1260,1154,0
1261,1155,0
1262,1156,0
1264,1157,0
1265,1158,0
1266,1159,0
1267,1160,0
1268,1161,0
1269,1162,0
1270,1163,0
1271,1164,0
1273,1165,0
1274,1166,0
1275,1167,0
1276,1168,0
1277,1169,0
1278,1170,0
1279,1171,0
1280,1172,0
1282,1174,0
1284,1176,0
1285,1177,0
1286,1178,0
1287,1179,0
1288,1180,0
1289,1181,0
1290,1182,0
1291,1183,0
1292,1184,0
1293,1185,0
1294,1186,0
1295,1187,0
1296,1188,0
1297,1189,0
1298,1190,0
1299,1191,0
1300,1192,0
1301,1193,0
1302,1194,0
1318,2383,0
1319,1175,0
1320,1195,0
1321,1196,0
1322,1197,0
1323,1198,0
1324,1199,0
1338,1173,0
1339,1200,0
1358,1201,0
1359,1202,0
1360,1203,0
1361,1204,0
1362,1205,0
1363,1206,0
1364,1207,0
1365,1208,0
1366,1209,0
1367,1210,0
1368,1211,0
1369,1212,0
1370,1213,0
1371,1214,0
1372,1215,0
1373,1216,0
1374,1217,0
1375,1218,0
1380,1219,0
1381,1220,0
1382,1221,0
1383,1222,0
1384,1223,0
1385,1224,0
1386,1225,0
1387,4,0
1388,1226,0
1389,1227,0
1390,1228,0
1391,1229,0
1392,1230,0
1393,1231,0
1394,1232,0
1395,1233,0
1396,1234,0
1397,1235,0
1398,1237,0
1418,1238,0
1419,1239,0
1420,1240,0
1421,1241,0
1422,1242,0
1424,1243,0
1425,1244,0
1426,1245,0
1427,1246,0
1428,1350,0
1429,1247,0
1430,1248,0
1431,1249,0
1432,1250,0
1433,1251,0
1434,1252,0
1435,1253,0
1436,1254,0
1437,1255,0
1438,1256,0
1439,1257,0
1440,1258,0
1441,1259,0
1443,1261,0
1444,1262,0
1445,1263,0
1446,1264,0
1447,1265,0
1448,1266,0
1449,1267,0
1450,1268,0
1451,1269,0
1452,1270,0
1453,1271,0
1454,1272,0
1455,1273,0
1456,1274,0
1457,1275,0
1458,1276,0
1459,1277,0
1460,1278,0
1461,1279,0
1465,1283,0
1466,1284,0
1467,1285,0
1468,1286,0
1469,1287,0
1470,1288,0
1471,1289,0
1472,44507,0
1473,1291,0
1474,1292,0
1475,1293,0
1476,1294,0
1477,1295,0
1478,1296,0
1479,1297,0
1480,1298,0
1481,1299,0
1482,1300,0
1483,1301,0
1484,1302,0
1485,1303,0
1486,1304,0
1487,1305,0
1488,1306,0
1489,1307,0
1490,1308,0
1491,1309,0
1492,1310,0
1498,234,0
1499,1311,0
1501,1312,0
1502,1313,0
1503,1314,0
1504,1315,0
1505,1316,0
1506,1317,0
1507,44512,0
1508,1319,0
1509,1320,0
1510,1321,0
1511,1322,0
1512,1323,0
1513,1324,0
1515,1326,0
1516,1330,0
1517,1328,0
1518,1329,0
1519,1330,0
1520,1331,0
1521,1332,0
1522,1327,0
1523,1327,0
1524,1335,0
1525,1336,0
1526,1337,0
1527,1338,0
1528,1339,0
1529,1339,0
1530,1341,0
1531,1342,0
1532,1342,0
1533,1344,0
1534,1345,0
1535,1346,0
1536,1347,0
1537,1348,0
1538,1349,0
1558,858,0
1559,1352,0
1560,1353,0
1578,1280,0
1579,1281,0
1580,1282,0
1581,1354,0
1582,1355,0
1598,1356,0
1599,1357,0
1618,1358,0
1638,1359,0
1639,1389,0
1640,1361,0
1642,1363,0
1643,1364,0
1644,1365,0
1646,1367,0
1647,1368,0
1648,1369,0
1649,1370,0
1650,1371,0
1651,1372,0
1652,1373,0
1653,1374,0
1654,1375,0
1656,1377,0
1657,3095,0
1658,3094,0
1659,1380,0
1660,1381,0
1661,1382,0
1662,1383,0
1663,1384,0
1664,1385,0
1665,1386,0
1666,1387,0
1667,1388,0
1678,1389,0
1679,1390,0
1680,1391,0
1681,1392,0
1682,1393,0
1683,1389,0
1684,1395,0
1685,1396,0
1686,1397,0
1687,873,0
1688,1399,0
1689,1400,0
1690,1401,0
1691,1402,0
1692,1403,0
1693,1404,0
1698,1405,0
1699,1406,0
1700,1407,0
1701,1408,0
1702,1409,0
1703,1410,0
1704,1411,0
1705,1423,0
1706,1412,0
1707,1413,0
1708,1414,0
1709,1415,0
1710,1416,0
1711,1417,0
1712,1418,0
1713,1419,0
1715,1420,0
1716,44514,0
1717,1422,0
1718,1424,0
1719,1425,0
1738,1398,0
1739,1426,0
1740,1427,0
1758,1362,0
1778,1366,0
1779,1438,0
1780,1429,0
1781,1430,0
1782,1431,0
1783,1428,0
1784,1432,0
1785,1433,0
1786,1434,0
1787,1435,0
1788,1436,0
1791,1437,0
1792,1439,0
1795,1440,0
1796,1441,0
1798,1442,0
1799,1443,0
1800,524,0
1801,1445,0
1802,1446,0
1803,1447,0
1804,1448,0
1805,1449,0
1806,1450,0
1818,1444,0
1819,234,0
1820,1452,0
1821,1453,0
1822,1454,0
1823,1455,0
1824,1456,0
1825,1457,0
1838,1458,0
1839,1459,0
1840,1460,0
1841,1461,0
1842,1462,0
1843,1463,0
1844,1464,0
1845,1465,0
1846,1466,0
1847,1467,0
1848,1468,0
1858,1260,0
1859,1376,0
1860,1469,0
1861,1473,0
1879,1472,0
1880,1473,0
1881,1474,0
1882,1477,0
1883,1476,0
1884,1477,0
1885,1478,0
1886,1479,0
1898,1480,0
1899,1481,0
1918,1482,0
1919,1483,0
1920,1484,0
1921,1485,0
1938,1486,0
1939,1487,0
1940,1488,0
1941,1489,0
1942,1490,0
1943,1491,0
1944,1492,0
1945,1493,0
1946,1494,0
1947,1495,0
1948,1496,0
1949,1497,0
1950,1498,0
1951,1499,0
1952,1500,0
1953,1501,0
1954,1502,0
1955,1503,0
1956,1504,0
1957,1505,0
1958,1506,0
1959,1507,0
1960,1508,0
1961,1509,0
1962,1510,0
1963,1511,0
1978,1512,0
1998,1513,0
1999,1514,0
2000,1515,0
2018,1516,0
2019,1517,0
2020,1518,0
2038,1519,0
2039,1520,0
2040,1521,0
2041,1522,0
2058,1523,0
2059,1524,0
2078,1525,0
2098,1526,0
2118,1527,0
2138,1528,0
2139,1529,0
2158,1530,0
2159,1531,0
2160,1532,0
2161,1534,0
2178,1535,0
2198,1536,0
2199,1537,0
2200,1538,0
2201,1539,0
2202,1540,0
2203,1541,0
2204,1542,0
2205,1543,0
2206,1544,0
2218,1545,0
2238,1546,0
2239,1547,0
2240,917,0
2241,932,0
2242,1548,0
2258,66,0
2259,1550,0
2260,1551,0
2278,1552,0
2279,1553,0
2280,1554,0
2281,1555,0
2282,1556,0
2283,1557,0
2284,1558,0
2298,1559,0
2299,1560,0
2300,1561,0
2318,1549,0
2338,1563,0
2339,1565,0
2340,1566,0
2341,1567,0
2342,1568,0
2358,1569,0
2359,1570,0
2360,1571,0
2361,1572,0
2378,1573,0
2379,1574,0
2380,1575,0
2381,1576,0
2382,1577,0
2383,1578,0
2398,1579,0
2399,1580,0
2418,1581,0
2438,1582,0
2439,1583,0
2440,1584,0
2458,1585,0
2459,1586,0
2460,1587,0
2478,1588,0
2479,1589,0
2480,1590,0
2498,1591,0
2499,1592,0
2500,1593,0
2501,1594,0
2518,866,0
2519,867,0
2520,1598,0
2521,1601,0
2541,1600,0
2561,1602,0
2581,1603,0
2583,1604,0
2585,1605,0
2601,1606,0
2603,1607,0
2605,1608,0
2606,1609,0
2607,1610,0
2608,1611,0
2609,1612,0
2621,1471,0
2622,1596,0
2623,1597,0
2641,619,0
2661,791,0
2662,1613,0
2681,1617,0
2701,1618,0
2702,1619,0
2721,1621,0
2741,3264,0
2742,1622,0
2743,1623,0
2744,1624,0
2745,1625,0
2746,1626,0
2751,1631,0
2752,1632,0
2753,1633,0
2754,1634,0
2755,1635,0
2756,1636,0
2757,1637,0
2758,1638,0
2759,1639,0
2760,1640,0
2761,1641,0
2762,1642,0
2763,1643,0
2764,1644,0
2765,1645,0
2766,1629,0
2767,1630,0
2768,1646,0
2769,1647,0
2770,1648,0
2771,1649,0
2772,1650,0
2773,1651,0
2781,1652,0
2782,1653,0
2783,1654,0
2784,1655,0
2801,1656,0
2821,1657,0
2822,1658,0
2841,1659,0
2842,1660,0
2843,1661,0
2844,1662,0
2845,1663,0
2846,1664,0
2847,1665,0
2848,1666,0
2849,1667,0
2850,1668,0
2851,1669,0
2852,1670,0
2853,1671,0
2854,1672,0
2855,1673,0
2856,1674,0
2857,1675,0
2858,1676,0
2859,1677,0
2860,1678,0
2861,1679,0
2862,1680,0
2863,1681,0
2864,2071,0
2865,2070,0
2866,1684,0
2867,1685,0
2868,1686,0
2869,1687,0
2870,1688,0
2871,1689,0
2872,1690,0
2873,1691,0
2874,1692,0
2875,1693,0
2876,1694,0
2877,1695,0
2879,1697,0
2880,1698,0
2902,1700,0
2903,1701,0
2904,1702,0
2922,1699,0
2923,1703,0
2924,1704,0
2925,1705,0
2926,1706,0
2927,1707,0
2928,1708,0
2929,1709,0
2930,1710,0
2931,1711,0
2932,1712,0
2933,1713,0
2934,1714,0
2935,1715,0
2936,1716,0
2937,1717,0
2938,1718,0
2939,1719,0
2940,1720,0
2941,1721,0
2942,1722,0
2943,1723,0
2944,1724,0
2945,1725,0
2946,1726,0
2947,1727,0
2948,1728,0
2949,1729,0
2950,1730,0
2951,1731,0
2952,1732,0
2954,1734,0
2962,1682,0
2963,1683,0
2964,1733,0
2965,1735,0
2966,1736,0
2967,1737,0
2968,1738,0
2969,1739,0
2970,1740,0
2971,1741,0
2972,1742,0
2973,1743,0
2974,1744,0
2975,1745,0
2976,1746,0
2977,1747,0
2978,1748,0
2979,1749,0
2980,1750,0
2981,1751,0
2982,1752,0
2983,1327,0
2984,1327,0
2985,1339,0
2986,1339,0
2987,1757,0
2988,1758,0
2989,1759,0
2990,1760,0
2991,1761,0
2992,1762,0
2993,1763,0
2994,1764,0
2995,1765,0
2996,1766,0
2997,1767,0
2998,1325,0
2999,1767,0
3000,1767,0
3001,1771,0
3002,1772,0
3022,1773,0
3023,1774,0
3042,1775,0
3062,1777,0
3063,1778,0
3064,1779,0
3065,1627,0
3082,1780,0
3083,1781,0
3084,1782,0
3085,1783,0
3086,1784,0
3087,1785,0
3088,1786,0
3089,1787,0
3090,1788,0
3091,1789,0
3092,1790,0
3093,1791,0
3094,1792,0
3095,1793,0
3096,1794,0
3097,1795,0
3098,1796,0
3099,1797,0
3100,1798,0
3101,1799,0
3102,1800,0
3103,1801,0
3104,1802,0
3105,1803,0
3106,1804,0
3107,1805,0
3108,1806,0
3109,1807,0
3110,1808,0
3111,1809,0
3112,1810,0
3113,1811,0
3114,1812,0
3115,1813,0
3116,1814,0
3117,1815,0
3118,1816,0
3119,1817,0
3120,1818,0
3121,1819,0
3122,1820,0
3123,1821,0
3124,1822,0
3125,1823,0
3126,1824,0
3127,1825,0
3128,1826,0
3129,1827,0
3130,1828,0
3141,1829,0
3161,1830,0
3181,1831,0
3182,1832,0
3201,1833,0
3221,1834,0
3241,1835,0
3261,1836,0
3281,1837,0
3301,1838,0
3321,1839,0
3341,1840,0
3361,1841,0
3362,1842,0
3364,1844,0
3365,1845,0
3366,1846,0
3367,1847,0
3368,1848,0
3369,1849,0
3370,1850,0
3371,1851,0
3372,1852,0
3373,1853,0
3374,1854,0
3376,1855,0
3377,1856,0
3378,1857,0
3379,1858,0
3380,1859,0
3381,1893,0
3382,71915,0
3383,1861,0
3384,1862,0
3385,1863,0
3401,1864,0
3402,1865,0
3403,1866,0
3404,1867,0
3405,1868,0
3422,1869,0
3423,1870,0
3424,1871,0
3425,1872,0
3441,1873,0
3442,1874,0
3443,1875,0
3444,1876,0
3445,1877,0
3446,1878,0
3447,1879,0
3448,1880,0
3449,1881,0
3450,1882,0
3451,1891,0
3452,1883,0
3453,1884,0
3454,1885,0
3461,1886,0
3462,1887,0
3463,1888,0
3481,1889,0
3482,1890,0
3501,1892,0
3504,1894,0
3505,1895,0
3506,1896,0
3507,1897,0
3508,1898,0
3509,1899,0
3510,1900,0
3511,1901,0
3512,1902,0
3513,1903,0
3514,1904,0
3515,1905,0
3516,1906,0
3517,1907,0
3518,1908,0
3519,1909,0
3520,1910,0
3521,1911,0
3522,1912,0
3523,1913,0
3524,1914,0
3525,1915,0
3526,1949,0
3527,1917,0
3528,1918,0
3529,1919,0
3530,1920,0
3531,1921,0
3541,1922,0
3542,1923,0
3561,1924,0
3562,1925,0
3563,1926,0
3564,1927,0
3565,1928,0
3566,1929,0
3568,1930,0
3569,1931,0
3570,1932,0
3601,1934,0
3602,1935,0
3621,1936,0
3622,1937,0
3623,1938,0
3624,1939,0
3625,1940,0
3626,1941,0
3627,1942,0
3628,1943,0
3629,1949,0
3630,1947,0
3631,1770,0
3632,1947,0
3633,1949,0
3634,1947,0
3635,1947,0
3636,1951,0
3637,1947,0
3638,1973,0
3639,1974,0
3640,2072,0
3641,2073,0
3642,2072,0
3643,2073,0
3661,1959,0
3681,1325,0
3701,1955,0
3702,1957,0
3721,1960,0
3741,1961,0
3761,1962,0
3762,883,0
3763,1964,0
3764,1965,0
3765,1966,0
3781,1967,0
3782,1968,0
3783,1969,0
3784,883,0
3785,1980,0
3786,1979,0
3787,1971,0
3788,1971,0
3789,1964,0
3790,1964,0
3791,1975,0
3801,1977,0
3802,1978,0
3821,1981,0
3822,1982,0
3823,1983,0
3824,1984,0
3825,1985,0
3841,1986,0
3842,1987,0
3843,1988,0
3844,1989,0
3845,1990,0
3881,1991,0
3882,1992,0
3883,1993,0
3884,1994,0
3885,1995,0
3901,1996,0
3902,1997,0
3903,1998,0
3904,1999,0
3905,2000,0
3906,2001,0
3907,2002,0
3908,2003,0
3909,2004,0
3910,2005,0
3911,2120,0
3912,2007,0
3913,2008,0
3914,2009,0
3921,2010,0
3922,2011,0
3923,2012,0
3924,2013,0
3941,2014,0
3942,2015,0
3961,2016,0
3962,2017,0
3981,2018,0
3982,2019,0
4001,2020,0
4002,2021,0
4003,2022,0
4004,2023,0
4005,2024,0
4021,2025,0
4022,2026,0
4023,2027,0
4024,2028,0
4061,1976,0
4062,2029,0
4063,2030,0
4081,2031,0
4082,2032,0
4083,2033,0
4084,2034,0
4101,2035,0
4102,2036,0
4120,2124,0
4121,2048,0
4122,2049,0
4123,2050,0
4124,2051,0
4125,2052,0
4126,2053,0
4127,2054,0
4128,2055,0
4129,2056,0
4130,2057,0
4131,2058,0
4132,2059,0
4133,2060,0
4134,2061,0
4135,2062,0
4136,2063,0
4141,2064,0
4142,2065,0
4143,2066,0
4144,2199,0
4145,2067,0
4146,2068,0
4147,2069,0
4148,2198,0
4161,1945,0
4181,1949,0
4182,1952,0
4183,1956,0
4184,1958,0
4185,1963,0
4186,1970,0
4201,1950,0
4223,1019,0
4224,1948,0
4241,2075,0
4242,2076,0
4243,2077,0
4244,2078,0
4245,2079,0
4261,2080,0
4262,2081,0
4263,2082,0
4264,2083,0
4265,1972,0
4266,2084,0
4267,2085,0
4281,2086,0
4282,2087,0
4283,2088,0
4284,2089,0
4285,2090,0
4286,2091,0
4287,2092,0
4288,2093,0
4289,2094,0
4290,2095,0
4291,2096,0
4292,2097,0
4293,2098,0
4294,2099,0
4296,1333,0
4297,1334,0
4298,1340,0
4299,1343,0
4300,1753,0
4301,1754,0
4321,1755,0
4322,1756,0
4323,2100,0
4324,2101,0
4341,2037,0
4342,2038,0
4361,2040,0
4362,2041,0
4363,2042,0
4402,2043,0
4421,1599,0
4441,1768,0
4442,1954,0
4449,1696,0
4450,1843,0
4451,1916,0
4485,1769,0
4486,1769,0
4487,1770,0
4488,1770,0
4489,1770,0
4490,2045,0
4491,1944,0
4492,1946,0
4493,2044,0
4494,2046,0
4495,2047,0
4496,2102,0
4501,2103,0
4502,2104,0
4503,2105,0
4504,2106,0
4505,2107,0
4506,1933,0
4507,2108,0
4508,2109,0
4509,2110,0
4510,2111,0
4511,2112,0
4512,2113,0
4513,2114,0
4521,2115,0
4541,2116,0
4542,2117,0
4581,2118,0
4601,1731,0
4602,1731,0
4605,1732,0
4606,1732,0
4621,2119,0
4641,2120,0
4642,2121,0
4681,2123,0
4701,2125,0
4721,2126,0
4722,2127,0
4723,2128,0
4724,2129,0
4725,2130,0
4726,2131,0
4727,2132,0
4728,2133,0
4729,2134,0
4730,2135,0
4731,2136,0
4732,2137,0
4733,2138,0
4734,2139,0
4735,2140,0
4736,2141,0
4737,2141,0
4738,2141,0
4739,2141,0
4740,2142,0
4741,2143,0
4742,2144,0
4743,2145,0
4761,2146,0
4762,2147,0
4763,2148,0
4764,2149,0
4765,2150,0
4766,2151,0
4767,2152,0
4768,2153,0
4769,2154,0
4770,2155,0
4771,2156,0
4781,2157,0
4782,2158,0
4783,2159,0
4784,2160,0
4786,2162,0
4787,2161,0
4788,2163,0
4808,2164,0
4809,2165,0
4810,2166,0
4811,2167,0
4812,2168,0
4813,2169,0
4821,2170,0
4822,863,0
4841,2171,0
4842,3462,0
4861,2172,0
4862,2173,0
4863,2174,0
4864,2175,0
4865,2176,0
4866,2177,0
4867,2178,0
4881,2179,0
4882,2180,0
4883,2181,0
4901,2182,0
4902,2183,0
4903,2184,0
4904,2185,0
4905,2186,0
4906,2187,0
4907,2188,0
4921,2189,0
4941,2190,0
4961,1360,0
4962,1394,0
4963,1451,0
4964,1470,0
4965,1475,0
4966,2191,0
4967,1475,0
4968,1475,0
4969,1475,0
4971,2192,0
4972,2193,0
4974,2194,0
4975,2006,0
4976,2195,0
4981,2196,0
4982,2197,0
4983,2200,0
4984,2201,0
4985,2202,0
4986,2203,0
4987,2204,0
5001,2205,0
5002,2206,0
5021,2207,0
5022,2208,0
5023,2209,0
5041,2210,0
5047,838,0
5048,2211,0
5049,2212,0
5050,2215,0
5051,2213,0
5052,2214,0
5054,2216,0
5055,2217,0
5056,2218,0
5057,2219,0
5058,2220,0
5060,2222,0
5061,2223,0
5062,2224,0
5064,2225,0
5065,2221,0
5066,2236,0
5081,2227,0
5082,2228,0
5083,2229,0
5084,2230,0
5085,2231,0
5086,2232,0
5087,2233,0
5088,2234,0
5089,2235,0
5090,2236,0
5091,2236,0
5092,2238,0
5093,2226,0
5094,2226,0
5095,2226,0
5096,2240,0
5097,2241,0
5098,2242,0
5101,2243,0
5102,2244,0
5103,2245,0
5121,2246,0
5123,2247,0
5124,2248,0
5125,2249,0
5126,2250,0
5127,2251,0
5128,2252,0
5141,2253,0
5142,2254,0
5143,2253,0
5144,2253,0
5145,2257,0
5146,2257,0
5147,2259,0
5148,2257,0
5149,2261,0
5151,2263,0
5152,2264,0
5153,2265,0
5154,2266,0
5155,2255,0
5156,2256,0
5157,2258,0
5158,2260,0
5159,2267,0
5160,2268,0
5161,2269,0
5162,2270,0
5163,2271,0
5164,2262,0
5165,2272,0
5166,2273,0
5167,2274,0
5168,2275,0
5181,2276,0
5202,2277,0
5203,2278,0
5204,2279,0
5205,2280,0
5206,2281,0
5207,2282,0
5208,2283,0
5209,2284,0
5210,2285,0
5211,2286,0
5212,2287,0
5213,2288,0
5214,2289,0
5215,2290,0
5216,2333,0
5217,2291,0
5219,2292,0
5220,2293,0
5222,2294,0
5223,2295,0
5225,2297,0
5226,2298,0
5228,2299,0
5229,2300,0
5230,2301,0
5231,2302,0
5232,2303,0
5233,2304,0
5234,2305,0
5235,2306,0
5236,2307,0
5237,2308,0
5238,2309,0
5241,2310,0
5242,2311,0
5243,2312,0
5244,2313,0
5245,2314,0
5246,2315,0
5247,2316,0
5248,2317,0
5249,2318,0
5250,2318,0
5251,2319,0
5252,2320,0
5253,2321,0
5261,2322,0
5262,2323,0
5263,2324,0
5264,2325,0
5265,2326,0
5281,2327,0
5282,2328,0
5283,2329,0
5284,2330,0
5301,2331,0
5302,2332,0
5303,2334,0
5304,2335,0
5305,2337,0
5306,2337,0
5307,2337,0
5321,2336,0
5341,2338,0
5342,2339,0
5343,2340,0
5344,2341,0
5361,2296,0
5381,2343,0
5382,2344,0
5383,2345,0
5384,2346,0
5385,2342,0
5386,2347,0
5401,2349,0
5405,2349,0
5441,2350,0
5461,2351,0
5462,2352,0
5463,2353,0
5464,2354,0
5465,2355,0
5466,2356,0
5481,2357,0
5482,2358,0
5501,2359,0
5502,2784,0
5503,2349,0
5504,2441,0
5505,2473,0
5506,2442,0
5507,2441,0
5511,2482,0
5512,2440,0
5513,2441,0
5514,2464,0
5515,2360,0
5516,2447,0
5517,2448,0
5518,2455,0
5520,2449,0
5521,2448,0
5522,2362,0
5523,2451,0
5524,2448,0
5525,2453,0
5526,2454,0
5527,2458,0
5528,2459,0
5529,2363,0
5530,2457,0
5531,2365,0
5532,2446,0
5533,2366,0
5534,2364,0
5535,2367,0
5536,2368,0
5537,2465,0
5538,2466,0
5541,2348,0
5542,2361,0
5543,2369,0
5544,2370,0
5545,2371,0
5561,2372,0
5581,2373,0
5601,2254,0
5621,2375,0
5622,2376,0
5623,2377,0
5624,2378,0
5625,2379,0
5626,2380,0
5627,2382,0
5628,2382,0
5629,2382,0
5630,2382,0
5631,2382,0
5632,2382,0
5633,2382,0
5634,2384,0
5635,2384,0
5636,2384,0
5637,2384,0
5638,2384,0
5639,2384,0
5640,2384,0
5641,2404,0
5642,2407,0
5643,2407,0
5644,2403,0
5645,2404,0
5646,2403,0
5647,2404,0
5648,2387,0
5649,2388,0
5650,2389,0
5651,2390,0
5652,2392,0
5653,2392,0
5654,2392,0
5655,2392,0
5656,2392,0
5657,2392,0
5658,2394,0
5659,2394,0
5660,2394,0
5661,2394,0
5662,2394,0
5663,2394,0
5664,2395,0
5665,2396,0
5666,2396,0
5667,2396,0
5668,2397,0
5669,2398,0
5670,2398,0
5671,2398,0
5672,2400,0
5673,2400,0
5674,2400,0
5675,2400,0
5676,2402,0
5677,2402,0
5678,2402,0
5679,2403,0
5680,2407,0
5681,2386,0
5682,2408,0
5683,2408,0
5684,2408,0
5685,2409,0
5686,2410,0
5687,2410,0
5688,2411,0
5689,2412,0
5690,2412,0
5691,2413,0
5692,2414,0
5693,2414,0
5694,2415,0
5695,2416,0
5696,2416,0
5697,2416,0
5698,2417,0
5699,2418,0
5700,2418,0
5701,2419,0
5702,2420,0
5703,2420,0
5704,2421,0
5705,2422,0
5706,2422,0
5707,2423,0
5708,2424,0
5709,2424,0
5710,2425,0
5711,2426,0
5712,2426,0
5713,2427,0
5721,2428,0
5722,2429,0
5723,2430,0
5724,2431,0
5725,2432,0
5726,2433,0
5727,2434,0
5728,2435,0
5729,2436,0
5730,2437,0
5741,2438,0
5742,2439,0
5761,2460,0
5762,2461,0
5763,2462,0
5781,2463,0
5801,2467,0
5802,2468,0
5803,2469,0
5804,2470,0
5805,2471,0
5821,2472,0
5841,2474,0
5842,2475,0
5843,2476,0
5844,2477,0
5845,2478,0
5846,2479,0
5847,2480,0
5848,2481,0
5861,2483,0
5862,2484,0
5863,2485,0
5881,2486,0
5882,2487,0
5883,2488,0
5884,2489,0
5885,2490,0
5886,2491,0
5887,2492,0
5888,2493,0
5889,2494,0
5890,2495,0
5891,2496,0
5901,2497,0
5902,2498,0
5903,2499,0
5904,2500,0
5921,2501,0
5922,2502,0
5923,2504,0
5924,2504,0
5925,2504,0
5926,2503,0
5927,2503,0
5928,2503,0
5929,2505,0
5930,2506,0
5931,2507,0
5932,2508,0
5941,2509,0
5942,2510,0
5943,2511,0
5944,2512,0
5961,2513,0
6001,2514,0
6002,2515,0
6003,2516,0
6004,2517,0
6021,2518,0
6022,2519,0
6023,2520,0
6024,2521,0
6025,2522,0
6026,2523,0
6027,2524,0
6028,2525,0
6029,2526,0
6030,2527,0
6031,2528,0
6032,2529,0
6041,2530,0
6042,2531,0
6061,2532,0
6062,2533,0
6063,2534,0
6064,2535,0
6065,2536,0
6066,2536,0
6067,2536,0
6068,2539,0
6069,2539,0
6070,2539,0
6071,2542,0
6072,2542,0
6073,2542,0
6074,2545,0
6075,2545,0
6076,2545,0
6081,2548,0
6082,2549,0
6083,2550,0
6084,2551,0
6085,2552,0
6086,2553,0
6087,2554,0
6088,2555,0
6089,2556,0
6101,2557,0
6102,2558,0
6103,2559,0
6121,2560,0
6122,2561,0
6123,2562,0
6124,2563,0
6125,2564,0
6126,2565,0
6127,2566,0
6128,2567,0
6129,2568,0
6130,2569,0
6132,2570,0
6133,2571,0
6134,2572,0
6135,2573,0
6136,2574,0
6141,2575,0
6142,2576,0
6143,2577,0
6144,2578,0
6145,2579,0
6146,2580,0
6147,2581,0
6148,2582,0
6161,2583,0
6162,2584,0
6163,2585,0
6164,2586,0
6165,2587,0
6181,2588,0
6182,2589,0
6183,2590,0
6184,2591,0
6185,2592,0
6186,2593,0
6187,2594,0
6201,2595,0
6202,2596,0
6261,2597,0
6281,2598,0
6282,2599,0
6283,2600,0
6284,2601,0
6285,2602,0
6301,2603,0
6321,2604,0
6322,2605,0
6323,2606,0
6324,2607,0
6341,2608,0
6342,2609,0
6343,2610,0
6344,2611,0
6361,2612,0
6362,2613,0
6363,2614,0
6364,2615,0
6365,2616,0
6381,2618,0
6382,2620,0
6383,2621,0
6384,2623,0
6385,2624,0
6386,2625,0
6387,2626,0
6388,2627,0
6389,2628,0
6390,2629,0
6391,2630,0
6392,2631,0
6393,2632,0
6394,2633,0
6395,2634,0
6401,704,0
6402,2622,0
6403,2635,0
6421,2636,0
6441,2637,0
6442,2639,0
6461,2640,0
6462,2641,0
6481,2642,0
6482,2643,0
6501,2644,0
6502,2645,0
6503,2646,0
6504,2647,0
6521,2648,0
6522,2649,0
6523,2650,0
6541,2651,0
6542,2652,0
6543,2653,0
6544,2654,0
6548,2655,0
6561,2656,0
6562,2657,0
6563,2658,0
6564,2659,0
6565,2660,0
6566,2661,0
6567,2662,0
6568,2663,0
6569,2664,0
6570,2665,0
6571,2666,0
6582,2667,0
6583,2668,0
6584,2669,0
6585,2670,0
6601,2671,0
6602,2672,0
6603,2673,0
6604,2674,0
6605,2675,0
6606,2676,0
6607,2677,0
6608,2678,0
6609,2679,0
6610,2680,0
6611,2681,0
6612,2682,0
6621,2683,0
6622,2684,0
6623,2685,0
6624,2686,0
6625,2687,0
6626,2688,0
6627,2689,0
6628,2690,0
6629,2691,0
6641,2692,0
6661,2693,0
6662,2694,0
6681,2695,0
6702,2696,0
6704,2697,0
6706,2698,0
6708,2699,0
6710,2700,0
6721,2542,0
6722,2542,0
6761,2704,0
6762,2705,0
6804,2709,0
6805,2710,0
6821,2711,0
6822,2712,0
6823,2713,0
6824,2714,0
6841,946,0
6842,2708,0
6843,2715,0
6844,2708,0
6845,2716,0
6921,856,0
6922,857,0
6961,2718,0
6962,2719,0
6963,2731,0
6964,2721,0
6981,1846,0
6983,2723,0
6984,2732,0
7003,2838,0
7021,2718,0
7022,2722,0
7023,2722,0
7024,2718,0
7025,2725,0
7028,2717,0
7029,2726,0
7041,2726,0
7042,2729,0
7043,2720,0
7044,2727,0
7045,2730,0
7046,2728,0
7061,2733,0
7062,2734,0
7063,2735,0
7064,2736,0
7065,2736,0
7066,2737,0
7067,2764,0
7068,2738,0
7069,2736,0
7070,2738,0
7081,2740,0
7082,2741,0
7101,2742,0
7102,2743,0
7121,2744,0
7122,2745,0
7123,2746,0
7124,2747,0
7141,2748,0
7142,2749,0
7161,2750,0
7162,2751,0
7163,2752,0
7164,2753,0
7165,2754,0
7166,2755,0
7167,2756,0
7168,2752,0
7169,2753,0
7170,2754,0
7171,2755,0
7172,2756,0
7181,2757,0
7201,2758,0
7202,2759,0
7221,2760,0
7222,2761,0
7223,2762,0
7224,2763,0
7241,906,0
7261,1290,0
7281,2237,0
7282,2239,0
7301,2765,0
7302,2766,0
7321,522,0
7361,2546,0
7362,2544,0
7363,2543,0
7364,2450,0
7365,2541,0
7366,2452,0
7367,2537,0
7368,2538,0
7383,881,0
7384,2540,0
7401,2443,0
7402,2445,0
7441,1118,0
7461,2456,0
7462,2547,0
7463,2701,0
7481,2767,0
7482,2768,0
7486,2381,0
7487,2385,0
7488,2391,0
7489,2393,0
7490,2399,0
7491,2401,0
7492,2405,0
7493,2406,0
7494,2702,0
7495,2769,0
7496,2770,0
7497,2771,0
7498,3413,0
7499,3416,0
7500,3410,0
7501,3411,0
7502,3415,0
7503,3409,0
7504,3412,0
7505,3414,0
7506,3408,0
7507,2772,0
7508,2773,0
7509,2774,0
7521,2775,0
7522,2776,0
7541,2777,0
7561,2778,0
7562,2779,0
7563,2780,0
7564,2781,0
7581,2785,0
7582,2786,0
7583,2787,0
7601,2788,0
7602,2789,0
7603,2790,0
7604,2791,0
7621,2792,0
7622,2793,0
7623,2794,0
7624,2795,0
7625,2796,0
7626,2797,0
7627,2798,0
7628,2799,0
7629,2800,0
7630,2801,0
7631,2802,0
7632,2803,0
7633,2804,0
7634,2805,0
7635,2806,0
7636,2807,0
7637,2808,0
7638,2809,0
7639,2810,0
7640,2811,0
7641,2812,0
7642,2813,0
7643,2814,0
7644,2830,0
7645,2815,0
7646,2816,0
7647,2817,0
7648,2818,0
7649,2819,0
7650,2820,0
7651,2821,0
7652,2822,0
7653,2823,0
7654,2824,0
7655,2825,0
7656,2826,0
7657,2827,0
7658,2828,0
7659,2829,0
7667,2831,0
7668,2832,0
7670,2809,0
7681,2833,0
7682,2833,0
7701,2834,0
7702,2835,0
7703,2836,0
7704,2837,0
7721,2724,0
7722,2839,0
7723,2840,0
7724,2841,0
7727,2842,0
7728,2843,0
7729,2844,0
7730,2845,0
7731,2846,0
7732,2847,0
7733,2848,0
7734,2849,0
7741,2850,0
7761,2851,0
7781,2852,0
7782,2853,0
7783,2854,0
7784,2855,0
7785,2919,0
7786,2920,0
7787,2921,0
7788,2856,0
7789,2856,0
7790,70973,0
7791,2882,0
7792,2862,0
7793,2883,0
7794,2884,0
7795,2885,0
7798,2863,0
7799,2864,0
7800,2865,0
7802,2866,0
7803,2868,0
7804,2870,0
7805,2872,0
7807,2867,0
7808,2869,0
7809,2871,0
7810,2899,0
7811,2873,0
7813,2890,0
7814,2891,0
7815,2857,0
7816,2858,0
7817,2892,0
7818,2893,0
7820,2886,0
7821,2887,0
7822,2888,0
7823,2889,0
7824,2880,0
7826,2874,0
7827,2876,0
7828,2859,0
7829,2860,0
7830,2861,0
7831,2878,0
7833,2875,0
7834,2877,0
7835,2879,0
7836,2881,0
7839,2894,0
7840,2895,0
7841,2896,0
7842,2897,0
7843,2898,0
7844,2900,0
7845,2901,0
7846,2902,0
7847,2903,0
7848,2912,0
7849,2904,0
7850,2905,0
7861,2906,0
7862,2907,0
7863,2913,0
7864,2913,0
7865,2913,0
7866,2910,0
7867,2910,0
7868,2910,0
7869,2908,0
7870,2909,0
7871,2856,0
7872,2856,0
7873,2856,0
7874,2856,0
7875,2856,0
7876,2856,0
7877,2911,0
7904,2914,0
7905,2916,0
7908,2899,0
7926,2915,0
7961,2917,0
7962,2918,0
8041,2922,0
8042,2923,0
8043,2924,0
8044,2925,0
8045,2926,0
8046,2927,0
8047,2928,0
8048,2929,0
8049,2930,0
8050,2931,0
8051,2932,0
8052,2933,0
8053,2981,0
8054,2985,0
8055,2986,0
8056,2975,0
8057,2977,0
8058,2988,0
8059,2997,0
8060,2991,0
8061,2994,0
8062,2980,0
8063,2982,0
8064,2978,0
8065,2979,0
8066,2976,0
8067,2972,0
8068,2992,0
8069,2993,0
8070,2995,0
8071,2996,0
8072,2983,0
8073,2984,0
8074,2974,0
8075,2973,0
8076,2998,0
8077,2999,0
8078,2989,0
8079,2990,0
8080,2934,0
8101,2935,0
8102,2936,0
8103,2937,0
8104,2938,0
8105,2939,0
8106,2940,0
8107,2941,0
8108,2942,0
8109,2943,0
8110,2944,0
8111,2945,0
8112,2946,0
8113,2947,0
8114,2948,0
8115,2949,0
8116,2950,0
8117,2951,0
8118,2952,0
8119,2953,0
8120,2939,0
8121,2948,0
8122,2949,0
8123,2954,0
8141,2955,0
8142,2956,0
8143,2957,0
8144,2958,0
8145,2959,0
8146,2960,0
8147,2961,0
8148,2962,0
8149,2964,0
8150,2963,0
8151,3000,0
8152,2970,0
8153,2965,0
8154,2934,0
8155,2934,0
8156,2934,0
8160,2954,0
8161,2954,0
8162,2954,0
8166,2939,0
8167,2939,0
8168,2939,0
8169,2939,0
8170,2939,0
8171,2939,0
8181,2966,0
8182,2967,0
8183,2968,0
8193,70405,0
8201,2969,0
8227,2971,0
8230,2987,0
8231,3001,0
8232,3002,0
8233,3003,0
8234,3004,0
8235,3005,0
8236,3006,0
8237,3007,0
8240,3008,0
8247,3011,0
8248,3012,0
8249,71706,0
8250,1039,0
8251,3009,0
8252,3010,0
8253,3013,0
8254,3014,0
8255,3015,0
8256,3016,0
8257,3017,0
8258,3019,0
8259,3019,0
8260,3020,0
8261,3020,0
8262,3020,0
8263,3021,0
8264,3021,0
8265,3021,0
8266,3022,0
8268,3023,0
8271,3024,0
8272,3025,0
8273,3026,0
8274,3027,0
8275,3028,0
8276,3029,0
8277,3030,0
8278,3031,0
8279,3032,0
8280,3033,0
8281,3034,0
8282,3035,0
8283,3036,0
8284,3037,0
8285,3038,0
8286,3039,0
8287,3040,0
8288,3041,0
8290,2856,0
8291,2856,0
8294,2856,0
8295,2856,0
8297,2934,0
8299,2954,0
8301,3042,0
8303,3043,0
8304,3044,0
8305,3045,0
8306,3046,0
8307,3047,0
8308,3018,0
8309,3048,0
8310,3049,0
8311,3050,0
8312,3050,0
8313,3052,0
8314,3053,0
8315,3054,0
8316,3055,0
8317,3056,0
8318,3057,0
8320,3058,0
8321,3059,0
8322,3222,0
8323,3061,0
8331,3063,0
8332,3064,0
8341,3065,0
8343,3066,0
8348,3067,0
8349,3068,0
8351,3069,0
8352,3070,0
8361,3071,0
8365,3344,0
8366,3076,0
8367,3078,0
8368,3079,0
8369,3080,0
8370,3081,0
8371,3082,0
8372,3083,0
8373,3095,0
8374,3085,0
8375,3086,0
8376,3087,0
8377,3088,0
8378,3089,0
8379,3090,0
8380,3091,0
8381,3092,0
8382,3093,0
8393,3085,0
8394,3085,0
8395,3085,0
8396,3085,0
8399,3083,0
8400,3083,0
8401,3083,0
8402,3083,0
8403,3083,0
8409,1378,0
8410,1379,0
8411,3051,0
8412,3060,0
8413,3084,0
8414,3098,0
8415,3099,0
8416,3100,0
8417,3101,0
8418,3102,0
8419,3103,0
8420,3104,0
8421,3105,0
8422,3106,0
8423,3107,0
8424,3108,0
8425,3109,0
8426,3079,0
8427,3079,0
8428,3079,0
8429,3079,0
8430,3079,0
8436,3081,0
8437,3081,0
8438,3081,0
8439,3081,0
8444,1091,0
8445,1091,0
8446,3062,0
8447,3072,0
8458,1299,0
8459,432,0
8460,3343,0
8461,3353,0
8462,3350,0
8464,3355,0
8465,3357,0
8470,3253,0
8471,3254,0
8481,3347,0
8484,3227,0
8485,3228,0
8492,3359,0
8494,3361,0
8499,3363,0
8503,3365,0
8505,3367,0
8509,3118,0
8511,3368,0
8513,3120,0
8515,3121,0
8517,3122,0
8519,3123,0
8520,3124,0
8522,3125,0
8524,3126,0
8526,3127,0
8528,3128,0
8530,3129,0
8532,3130,0
8542,3131,0
8545,3133,0
8549,3135,0
8551,581,0
8552,585,0
8553,582,0
8554,584,0
8555,3136,0
8556,3154,0
8557,3151,0
8558,3132,0
8571,44228,0
8575,3137,0
8576,3138,0
8577,3139,0
8578,3140,0
8579,3141,0
8580,3142,0
8582,3143,0
8584,3144,0
8585,3145,0
8586,3146,0
8587,3147,0
8588,3148,0
8590,3156,0
8597,3157,0
8598,3159,0
8599,3160,0
8600,3161,0
8604,3163,0
8606,3164,0
8607,3165,0
8609,3166,0
8611,3167,0
8613,3168,0
8615,3169,0
8617,3170,0
8619,3179,0
8620,3172,0
8635,3185,0
8636,3182,0
8642,3183,0
8643,3177,0
8644,3186,0
8645,3180,0
8646,3176,0
8647,3171,0
8648,3173,0
8649,3187,0
8650,3184,0
8651,3178,0
8652,3175,0
8653,3174,0
8654,3181,0
8670,3197,0
8671,3196,0
8672,3200,0
8673,3188,0
8674,3204,0
8675,3198,0
8676,3202,0
8677,3189,0
8678,3195,0
8679,3192,0
8680,3203,0
8681,3201,0
8682,3199,0
8683,3190,0
8684,3191,0
8685,3194,0
8686,3193,0
8688,3263,0
8689,3151,0
8690,3151,0
8691,3151,0
8692,3151,0
8693,3151,0
8694,3151,0
8695,3151,0
8696,3151,0
8697,3154,0
8698,3154,0
8699,3154,0
8700,3154,0
8701,3154,0
8702,3154,0
8703,3154,0
8704,3154,0
8705,3132,0
8706,3132,0
8707,3132,0
8708,3132,0
8709,3132,0
8710,3132,0
8711,3132,0
8712,3132,0
8713,3220,0
8714,3213,0
8715,3207,0
8716,3219,0
8717,3214,0
8718,3209,0
8719,3208,0
8720,3218,0
8721,3221,0
8722,3212,0
8723,3216,0
8724,3215,0
8725,3217,0
8726,3210,0
8727,3211,0
8728,3205,0
8729,3206,0
8730,3223,0
8733,3117,0
8734,3224,0
8735,3225,0
8736,3226,0
8741,3229,0
8742,3230,0
8743,3231,0
8744,3342,0
8745,3232,0
8746,3348,0
8747,3233,0
8748,3234,0
8749,3235,0
8750,3236,0
8751,3237,0
8752,3247,0
8753,3239,0
8754,3240,0
8755,3241,0
8756,3242,0
8757,3246,0
8758,3238,0
8759,3243,0
8760,3244,0
8761,3245,0
8762,3349,0
8763,3346,0
8767,3351,0
8768,3354,0
8769,3356,0
8788,3352,0
8791,3158,0
8792,3248,0
8793,3248,0
8794,3248,0
8795,3249,0
8796,3249,0
8797,3249,0
8798,3250,0
8799,3358,0
8800,3251,0
8801,3134,0
8802,3252,0
8803,3360,0
8827,3362,0
8828,3364,0
8857,3255,0
8858,3256,0
8859,3257,0
8860,3366,0
8861,3366,0
8862,3262,0
8866,3258,0
8867,3259,0
8868,3260,0
8869,2337,0
8870,3312,0
8871,3312,0
8872,3312,0
8873,3312,0
8874,3312,0
8875,3312,0
8883,3261,0
8897,3629,0
8898,3629,0
8899,3629,0
8900,3267,0
8901,3267,0
8902,3267,0
8903,3266,0
8904,3266,0
8905,3265,0
8906,3265,0
8907,3265,0
8908,3265,0
8909,3265,0
8910,3265,0
8911,3265,0
8912,3265,0
8913,3269,0
8914,3269,0
8915,3269,0
8916,3269,0
8917,3269,0
8918,3269,0
8919,3269,0
8920,3269,0
8921,3283,0
8922,3268,0
8923,3270,0
8924,3271,0
8925,3272,0
8926,3273,0
8927,3274,0
8928,3275,0
8929,3394,0
8930,3395,0
8931,3273,0
8932,3273,0
8933,3273,0
8934,3273,0
8935,3273,0
8936,3273,0
8937,3273,0
8938,3274,0
8939,3274,0
8940,3274,0
8941,3274,0
8942,3274,0
8943,3274,0
8944,3274,0
8945,3278,0
8946,3279,0
8947,3280,0
8948,3281,0
8949,3282,0
8950,3284,0
8951,3285,0
8952,3285,0
8953,3285,0
8954,3285,0
8955,3285,0
8956,3285,0
8957,3285,0
8958,3285,0
8959,3285,0
8960,3286,0
8961,1595,0
8962,3287,0
8963,3287,0
8964,3287,0
8965,3287,0
8966,3370,0
8967,3370,0
8968,3370,0
8969,3370,0
8970,3372,0
8973,3373,0
8977,3276,0
8978,3277,0
8979,3389,0
8980,3390,0
8982,3391,0
8983,3392,0
8984,3393,0
8985,3374,0
8986,3374,0
8987,3374,0
8988,3374,0
8989,3375,0
8990,3375,0
8991,3375,0
8992,3375,0
8994,3376,0
8995,3377,0
8996,3378,0
8997,3379,0
8998,3379,0
8999,3380,0
9000,3380,0
9001,3380,0
9002,3380,0
9003,3380,0
9004,3380,0
9005,3380,0
9006,3380,0
9007,3381,0
9008,3381,0
9009,3381,0
9010,3381,0
9011,3381,0
9012,3381,0
9013,3381,0
9014,3381,0
9015,3396,0
9016,3285,0
9017,3285,0
9018,3285,0
9019,3285,0
9020,3285,0
9021,3285,0
9022,3285,0
9023,3382,0
9024,3383,0
9025,3384,0
9026,3385,0
9027,3386,0
9028,3387,0
9029,3388,0
9030,3284,0
9031,3284,0
9032,3286,0
9033,3397,0
9051,3406,0
9052,3519,0
9053,3407,0
9063,3405,0
9065,3287,0
9085,3439,0
9120,3422,0
9121,3423,0
9122,3423,0
9123,3423,0
9124,3424,0
9126,3425,0
9128,3426,0
9131,3428,0
9136,3432,0
9141,3436,0
9153,3448,0
9154,3449,0
9229,3486,0
9230,3487,0
9232,3488,0
9233,3489,0
9234,3490,0
9235,3491,0
9236,3492,0
9237,3657,0
9238,3495,0
9239,3494,0
9240,3493,0
9241,3498,0
9242,3497,0
9243,3496,0
9244,3499,0
9245,3501,0
9246,3500,0
9247,3502,0
9248,3503,0
9250,3504,0
9251,3505,0
9257,3511,0
9260,3513,0
9261,3514,0
9262,3515,0
9263,3516,0
9264,3517,0
9265,3518,0
9269,3511,0
9270,3511,0
9271,3511,0
9272,3520,0
9292,3538,0
9295,3673,0
9299,3669,0
9300,3672,0
9301,3670,0
9302,3671,0
9304,3679,0
9310,3548,0
9319,3608,0
9322,3584,0
9323,3585,0
9324,3635,0
9325,3588,0
9326,3587,0
9330,3580,0
9331,3581,0
9332,3582,0
9339,3583,0
9362,3576,0
9364,3578,0
9365,3590,0
9367,3591,0
9368,3592,0
9378,3423,0
9388,3617,0
9389,3623,0
9411,3658,0
9412,3659,0
9413,3660,0
9414,3661,0
9415,3662,0
9416,3663,0
9419,3666,0
9422,3668,0
9556,3794,0
9664,3893,0
9665,3894,0
55296,773,0
60860,40115,0
60863,40115,0
60864,40115,0
60865,40115,0
60866,40115,0
60868,40123,0
60870,40115,0
61547,40702,0
63769,42758,0
65309,44229,0
65593,44503,0
65597,44508,0
65601,44513,0
65602,44515,0
65603,44516,0
65604,44517,0
65610,44521,0
65616,44527,0
66145,45043,0
66193,45094,0
66281,45185,0
66286,45186,0
66287,45187,0
66288,45188,0
66289,45189,0
66290,45190,0
66291,45191,0
66292,45192,0
66293,45193,0
66294,45194,0
66295,45195,0
66317,45216,0
66318,45217,0
73193,49577,0
74584,50668,0
75300,51342,0
75939,51961,0
75940,51962,0
75969,51991,0
76156,52184,0
76160,52187,0
76240,52270,0
77568,53251,0
77571,53254,0
77573,53256,0
77574,53257,0
77575,53258,0
77582,53265,0
77583,53266,0
77584,53267,0
77585,53268,0
77586,53269,0
77587,53271,0
77588,53272,0
77590,53274,0
77592,53276,0
77616,53300,0
77617,53301,0
77618,53302,0
77619,53303,0
77620,53304,0
77621,53305,0
77642,53327,0
77643,53328,0
77648,53334,0
77649,53335,0
77651,53337,0
77652,53338,0
77655,53340,0
77656,53341,0
77657,53342,0
77658,53343,0
77659,53344,0
77660,53345,0
77661,53346,0
77666,53305,0
77667,53351,0
77668,53352,0
77669,53353,0
77670,53354,0
77671,53355,0
77672,53356,0
77690,53375,0
78023,53702,0
78024,53703,0
78088,53763,0
78089,53764,0
78090,53765,0
78091,53766,0
78092,53767,0
78093,53768,0
78114,53788,0
78121,53795,0
78124,53798,0
78127,53801,0
78132,53806,0
78133,53807,0
78134,53808,0
78142,53814,0
78143,53815,0
78144,53816,0
78145,53817,0
78146,53818,0
78147,53819,0
78148,53820,0
78149,53821,0
78150,53822,0
78192,53858,0
78193,53859,0
78194,53860,0
78195,53861,0
78196,53862,0
78197,53863,0
78198,53864,0
78199,53865,0
78229,53887,0
78242,53900,0
78261,53917,0
78265,53921,0
78266,53922,0
78267,53923,0
78277,53933,0
78280,53936,0
78284,53940,0
78287,53943,0
78288,53943,0
78295,53950,0
78296,53950,0
78297,53951,0
78304,53951,0
78306,53959,0
78307,53960,0
78506,54149,0
78537,54180,0
78561,54204,0
78575,54219,0
78647,54289,0
78650,54291,0
78651,54292,0
78652,54293,0
78653,54294,0
78654,54295,0
78675,54316,0
78676,54317,0
78680,54321,0
78681,54322,0
78682,54323,0
78684,54325,0
78699,54340,0
78702,54343,0
78823,54457,0
78830,54464,0
78832,54466,0
78907,54532,0
78908,54533,0
78909,54534,0
78910,54535,0
78914,54538,0
78916,54542,0
78917,54541,0
78919,54544,0
78920,54545,0
78921,54546,0
78922,54547,0
78923,54548,0
78924,54549,0
78925,54550,0
78926,54551,0
78927,54552,0
78994,54603,0
79007,54615,0
79008,54616,0
79077,54685,0
79078,54685,0
79079,54685,0
79080,54685,0
79090,54695,0
79091,54696,0
79092,54697,0
79093,54698,0
79094,54699,0
79095,54700,0
79096,54701,0
79097,54702,0
79098,54703,0
79099,54704,0
79192,54784,0
79229,54817,0
79235,54824,0
79236,54825,0
79242,54831,0
79298,54888,0
79348,54937,0
79358,54947,0
79360,54949,0
79361,54950,0
79362,54951,0
79363,54952,0
79364,54953,0
79365,54954,0
79366,54955,0
79377,54966,0
79442,55027,0
79482,55064,0
79483,55065,0
79484,55066,0
79485,55067,0
79486,55068,0
79487,55069,0
79492,55074,0
79495,55077,0
79501,55083,0
79502,55084,0
79535,55113,0
79536,55114,0
79614,55179,0
79615,55180,0
79624,55189,0
79626,55191,0
79637,55199,0
79677,55236,0
79678,55237,0
79687,55246,0
79688,55247,0
79689,55248,0
79695,55252,0
79700,55257,0
79705,55262,0
79719,55274,0
79731,55285,0
79905,55459,0
79939,55493,0
79940,55494,0
79942,55496,0
79945,55512,0
79946,55500,0
79947,55501,0
79948,55502,0
79949,55503,0
79950,55504,0
79951,55505,0
79952,55506,0
79953,55507,0
79961,55516,0
79963,55518,0
79970,55523,0
79972,55525,0
79973,55526,0
79974,55527,0
79975,55528,0
79976,55529,0
79977,55530,0
79978,55531,0
79979,55532,0
79980,55533,0
79981,55534,0
79982,55535,0
79983,55536,0
79984,55537,0
79985,55538,0
79986,55539,0
79987,55540,0
80056,55604,0
80098,55643,0
80120,55665,0
80131,55676,0
80132,55677,0
80133,55678,0
80134,55679,0
80135,55680,0
80136,55681,0
80137,55682,0
80138,55683,0
80139,55684,0
80140,55685,0
80141,55686,0
80142,55687,0
80143,55688,0
80147,55691,0
80148,55692,0
80149,55693,0
80150,55694,0
80151,55695,0
80152,55696,0
80153,55697,0
80156,55698,0
80157,55699,0
80158,55700,0
80159,55701,0
80161,55702,0
80180,55710,0
80181,55711,0
80182,55712,0
80241,1638,0
80324,55846,0
80325,55847,0
80393,55913,0
80410,55932,0
80411,55933,0
80453,55960,0
80454,55961,0
80455,55962,0
80526,56021,0
81570,1127,0
81573,57047,0
81682,57161,0
81697,57176,0
81730,59112,0
81731,59113,0
81732,59114,0
81733,59115,0
81734,59116,0
81735,59117,0
81736,59118,0
81737,59119,0
81738,59120,0
81739,59121,0
81740,59122,0
81741,59123,0
81742,59124,0
81743,59125,0
81744,59126,0
81745,59127,0
81746,59128,0
81747,59129,0
81762,57198,0
81764,57200,0
81765,57201,0
81766,57202,0
81768,59130,0
81769,59131,0
81770,59132,0
81771,59133,0
81772,59134,0
81773,59135,0
81774,59136,0
81775,59137,0
81776,59138,0
81777,59139,0
81778,59140,0
81779,59141,0
81780,59142,0
81781,59143,0
81782,59144,0
81783,59145,0
81784,59146,0
81785,59147,0
81786,59148,0
81787,59149,0
81788,59150,0
81789,59151,0
81790,57204,0
81801,57215,0
81817,59152,0
81820,59153,0
81826,59154,0
81830,59155,0
81832,59156,0
81833,59157,0
81834,59158,0
81835,59159,0
81837,59160,0
81838,59161,0
81839,59162,0
81850,59163,0
81851,59164,0
81852,59165,0
81855,59166,0
81856,59167,0
81857,59168,0
81858,59169,0
81859,59170,0
81860,59171,0
81861,59172,0
81863,59173,0
81864,59174,0
81865,59175,0
81866,59176,0
81867,59177,0
81868,59178,0
81870,59179,0
81871,59180,0
81872,59181,0
81873,59182,0
81874,59183,0
81877,57259,0
81879,57261,0
81883,57265,0
81884,57266,0
81885,57267,0
81900,57282,0
81917,57297,0
81919,57299,0
81924,57305,0
81944,57311,0
81947,57314,0
81949,57315,0
81951,57317,0
81952,57318,0
81953,57319,0
81954,57320,0
81955,57321,0
81956,57322,0
81960,57326,0
81961,57327,0
81968,57333,0
81973,57337,0
81974,57338,0
81975,57339,0
81977,57341,0
81979,57343,0
81980,57344,0
81982,57346,0
81983,57347,0
81986,57349,0
81987,57350,0
82001,57364,0
82002,57365,0
82003,57366,0
82004,57367,0
82008,57371,0
82009,57372,0
82010,57373,0
82011,57374,0
82013,57376,0
82014,57378,0
82015,57379,0
82017,57380,0
82018,57381,0
82019,57382,0
82020,57383,0
82021,57384,0
82022,57385,0
82023,57386,0
82027,57390,0
82032,57395,0
82043,57405,0
82044,57406,0
82060,57418,0
82062,57420,0
82068,57426,0
82070,57428,0
82071,57429,0
82072,57430,0
82073,57431,0
82074,57432,0
82075,57433,0
82076,57434,0
82081,57438,0
82083,57440,0
82084,57441,0
82089,57444,0
82090,57445,0
82091,57446,0
82092,57447,0
82095,57448,0
82096,57449,0
82097,57450,0
82098,57451,0
82099,57452,0
82100,57453,0
82101,57454,0
82102,57455,0
82103,57456,0
82104,57457,0
82106,57458,0
82107,57459,0
82108,57460,0
82110,57461,0
82111,57462,0
82112,57463,0
82113,57464,0
82114,57465,0
82115,57466,0
82132,57480,0
82135,57483,0
82208,57552,0
82304,57618,0
82305,57619,0
82306,57620,0
82310,57621,0
82311,57622,0
82312,57623,0
82313,57624,0
82314,57625,0
82315,57626,0
82316,57627,0
82656,1674,0
82657,1667,0
82662,2330,0
82665,2332,0
82850,53921,0
82851,53922,0
82853,53923,0
83183,58332,0
83184,58333,0
83185,58334,0
83186,58335,0
83187,58336,0
83756,58868,0
83808,58916,0
83822,58930,0
83823,59043,0
83934,59040,0
83935,59041,0
83936,59042,0
83937,59044,0
83938,59045,0
83939,59046,0
83940,59047,0
83941,59048,0
83942,59049,0
83943,59050,0
83944,59051,0
83945,59052,0
83946,59053,0
83947,59054,0
83948,59055,0
83949,59056,0
83950,59057,0
83951,59058,0
83952,59059,0
83953,59060,0
83954,59061,0
83955,59062,0
83956,59063,0
83957,59064,0
83958,59065,0
83959,59066,0
83960,59067,0
83961,59068,0
83962,59069,0
83963,59070,0
83964,59071,0
83965,59072,0
83966,59073,0
83967,59074,0
83968,59075,0
83969,59076,0
83970,59077,0
83971,59078,0
83972,59079,0
83973,59080,0
83974,59081,0
83975,59082,0
83976,59083,0
83977,59084,0
83978,59085,0
83979,59086,0
83980,59087,0
83981,59088,0
83982,59089,0
83983,59090,0
83984,59091,0
83985,59092,0
83986,59093,0
83987,59094,0
83988,59095,0
83990,59097,0
83991,59098,0
83992,59099,0
83993,59100,0
83994,59101,0
83995,59102,0
83996,59103,0
83997,59104,0
83998,59105,0
84004,59111,0
84008,59187,0
84017,59190,0
84124,59302,0
84125,59303,0
84126,59304,0
84135,59313,0
84136,59314,0
84137,59315,0
84138,59316,0
84146,59324,0
84147,3265,0
84148,3265,0
84149,3265,0
84150,3265,0
84151,3265,0
84152,3265,0
84153,3265,0
84154,3265,0
84155,3269,0
84156,3269,0
84157,3269,0
84158,3269,0
84159,3269,0
84160,3269,0
84161,3269,0
84162,3269,0
84163,3273,0
84164,3273,0
84165,3273,0
84166,3273,0
84167,3273,0
84168,3273,0
84169,3273,0
84170,3273,0
84171,3274,0
84172,3274,0
84173,3274,0
84174,3274,0
84175,3274,0
84176,3274,0
84177,3274,0
84178,3274,0
84179,3285,0
84180,3285,0
84181,3285,0
84182,3285,0
84183,3285,0
84184,3285,0
84185,3285,0
84186,3285,0
84187,3285,0
84188,3285,0
84189,3285,0
84190,3285,0
84191,3285,0
84192,3285,0
84193,3285,0
84194,3285,0
84195,3380,0
84196,3380,0
84197,3380,0
84198,3380,0
84199,3380,0
84200,3380,0
84201,3380,0
84202,3380,0
84203,3381,0
84204,3381,0
84205,3381,0
84206,3381,0
84207,3381,0
84208,3381,0
84209,3381,0
84210,3381,0
84211,59325,0
84212,59326,0
84213,59327,0
84235,59350,0
84238,59409,0
84317,59937,0
84318,59436,0
84319,59437,0
84320,59438,0
84321,59439,0
84322,59440,0
84323,59441,0
84324,59442,0
84325,59443,0
84326,59444,0
84327,59445,0
84328,59446,0
84329,59447,0
84330,59448,0
84331,59449,0
84332,59450,0
84338,2791,0
84348,59465,0
84349,59466,0
84350,59467,0
84351,59468,0
84355,59474,0
84356,59476,0
84359,59477,0
84360,59478,0
84368,59486,0
84369,59487,0
84372,59526,0
84374,59493,0
84375,59494,0
84377,59496,0
84383,59502,0
84384,59503,0
84394,59512,0
84395,59513,0
84396,59514,0
84397,59515,0
84398,59516,0
84399,59517,0
84400,59518,0
84401,59519,0
84402,59520,0
84405,59438,0
84406,59439,0
84407,59441,0
84408,59442,0
84410,59443,0
84411,59444,0
84412,59445,0
84413,59446,0
84414,59524,0
84415,59525,0
84416,59527,0
84417,59528,0
84418,59529,0
84488,59608,0
84495,2248,0
84496,59615,0
84499,59618,0
84500,59619,0
84501,59620,0
84502,59621,0
84503,59622,0
84504,59623,0
84526,59644,0
84545,2381,0
84546,2807,0
84548,3413,0
84549,3410,0
84550,3416,0
84551,3411,0
84555,2772,0
84556,2773,0
84557,2774,0
84558,59666,0
84560,2770,0
84561,2401,0
84590,2793,0
84636,59747,0
84637,59748,0
84853,59968,0
84870,59985,0
84880,59995,0
84881,59996,0
84950,60059,0
84968,55077,0
84969,53922,0
85030,60134,0
85031,60135,0
85033,60137,0
85034,60138,0
85056,60155,0
85057,60156,0
85058,60157,0
85061,60160,0
85063,60162,0
85064,60163,0
85065,60164,0
85066,60165,0
85067,60166,0
85068,60167,0
85069,60168,0
85073,60172,0
85074,60173,0
85086,60184,0
85087,60185,0
85090,60188,0
85091,60189,0
85092,60190,0
85093,60191,0
85112,60208,0
85140,60236,0
85141,60237,0
85142,60238,0
85143,60239,0
85144,60240,0
85145,60241,0
85146,60242,0
85147,60243,0
85148,60244,0
85149,60245,0
85150,60246,0
85152,60248,0
85248,60372,0
85250,60374,0
85251,60375,0
85304,60426,0
85385,60505,0
85386,60506,0
85388,60507,0
85401,60519,0
85435,60507,0
85441,2920,0
85442,2919,0
85443,2921,0
85445,60560,0
85446,60561,0
85447,60562,0
85452,60566,0
85453,60567,0
85454,60568,0
85455,60569,0
85456,60570,0
85457,60571,0
85458,60572,0
85468,60591,0
85480,60602,0
85485,60607,0
85486,60608,0
85501,60623,0
85504,60626,0
85505,60627,0
85506,60628,0
85507,60629,0
85508,60630,0
85509,60631,0
85510,60632,0
85511,60633,0
85521,60643,0
85522,60644,0
85525,60647,0
85555,60678,0
85556,60679,0
85557,60680,0
85558,60681,0
85559,60682,0
85576,60699,0
85577,60700,0
85578,60701,0
85579,60702,0
85583,60704,0
85604,2953,0
85605,2975,0
85606,2974,0
85607,2973,0
85608,2947,0
85609,2977,0
85610,2978,0
85611,2979,0
85612,2925,0
85613,2988,0
85614,2989,0
85615,2990,0
85616,2933,0
85617,2929,0
85618,2981,0
85619,2985,0
85620,2986,0
85621,60717,0
85622,2994,0
85623,2995,0
85624,2996,0
85625,2943,0
85626,2997,0
85627,2998,0
85628,2999,0
85629,2938,0
85630,2991,0
85631,2992,0
85632,2993,0
85633,2958,0
85634,2982,0
85635,2983,0
85636,2984,0
85637,2962,0
85638,2980,0
85639,2976,0
85640,2972,0
85641,2851,0
85643,2853,0
85644,2855,0
85658,60726,0
85659,60727,0
85660,60728,0
85699,60764,0
85700,60765,0
85701,60766,0
85702,60767,0
85703,60768,0
85704,60769,0
85705,60770,0
85706,60771,0
85712,2331,0
85713,2329,0
85772,60829,0
85882,60926,0
85883,60927,0
86181,61106,0
86326,61259,0
86433,61360,0
86434,61361,0
86442,3223,0
86443,3226,0
86444,3172,0
86445,3206,0
86449,3232,0
86574,70637,0
86576,70639,0
86577,61493,0
86585,61490,0
86611,61492,0
86612,61492,0
86613,61524,0
86614,61525,0
86615,71191,0
86616,61527,0
86620,61530,0
86667,61526,0
86670,3252,0
86673,3158,0
86674,3382,0
86679,3062,0
86680,3072,0
86724,61619,0
86725,61620,0
86746,61640,0
86752,61645,0
86757,69691,0
86758,69689,0
86776,69690,0
86777,61663,0
86784,61670,0
86791,61677,0
86792,61678,0
86796,61682,0
86797,61683,0
86798,61684,0
86799,61685,0
86804,61690,0
86812,61698,0
86813,61699,0
86814,61700,0
86925,61823,0
86926,61824,0
86927,61825,0
86964,61858,0
86965,61859,0
86966,61860,0
86967,61861,0
86968,61862,0
86969,61863,0
86970,61864,0
86971,61865,0
87283,62166,0
87288,62171,0
87295,62177,0
87318,62200,0
87346,62219,0
87360,3422,0
87361,62228,0
87362,62229,0
87364,62230,0
87365,62231,0
87366,62232,0
87367,62233,0
87368,62234,0
87369,62235,0
87370,62236,0
87371,62237,0
87372,62238,0
87373,62239,0
87441,3511,0
87442,3511,0
87443,3511,0
87444,3511,0
87451,62296,0
87459,62304,0
87491,62337,0
87492,62338,0
87493,62339,0
87494,62340,0
87497,62343,0
87498,62344,0
87502,62348,0
87506,62352,0
87508,62354,0
87509,62355,0
87516,62362,0
87517,62363,0
87518,62364,0
87520,62366,0
87760,62478,0
88717,63434,0
88718,63435,0
88729,3487,0
88730,3488,0
88744,3448,0
88745,3439,0
88748,3538,0
88749,3548,0
88756,63442,0
88757,63443,0
88758,63444,0
88759,63445,0
88760,63446,0
88761,63447,0
88762,63448,0
88763,63449,0
88764,63450,0
88765,63451,0
88807,63471,0
88809,63473,0
88812,63476,0
88813,63715,0
88821,63485,0
88822,63486,0
88857,63521,0
88884,63546,0
88917,63579,0
88940,63602,0
88943,63605,0
88944,63606,0
88968,63629,0
88969,63630,0
89001,63660,0
89006,63665,0
89007,63666,0
89008,63667,0
89009,63668,0
89010,63669,0
89013,63672,0
89014,63673,0
89015,63674,0
89037,63694,0
89038,63695,0
89053,63710,0
89058,63714,0
89059,63716,0
89224,63880,0
89225,63881,0
89226,63882,0
89228,63884,0
89229,63885,0
89232,63888,0
89234,64229,0
89235,63890,0
89236,63892,0
89237,63899,0
89245,63900,0
89253,63908,0
89255,63910,0
89256,63910,0
89257,63910,0
89258,63910,0
89259,63910,0
89260,63910,0
89261,63910,0
89262,63910,0
89296,63945,0
89298,63947,0
89299,63948,0
89300,63949,0
89301,63950,0
89303,63952,0
89304,63953,0
89310,63959,0
89328,63977,0
89329,63978,0
89340,63990,0
89341,63991,0
89342,63992,0
89355,64002,0
89356,64003,0
89357,64004,0
89358,64005,0
89359,64006,0
89360,64007,0
89361,64008,0
89362,64009,0
89363,64010,0
89364,64011,0
89365,64012,0
89366,64013,0
89367,64014,0
89368,64015,0
89369,64016,0
89370,64017,0
89371,64018,0
89372,64019,0
89373,64020,0
89374,64021,0
89375,64022,0
89376,64023,0
89381,64029,0
89421,64071,0
89442,64092,0
89443,64093,0
89444,64094,0
89445,64095,0
89446,64096,0
89447,64097,0
89448,64098,0
89449,64099,0
89451,64101,0
89462,64112,0
89463,64113,0
89470,64120,0
89471,64121,0
89473,64123,0
89474,64124,0
89475,64125,0
89485,64135,0
89486,64136,0
89487,64137,0
89488,64138,0
89489,64139,0
89491,64140,0
89504,64153,0
89562,64208,0
89563,64209,0
89567,64213,0
89568,64214,0
89574,64220,0
89814,64259,0
90104,64278,0
90106,64280,0
90107,64281,0
90116,64290,0
90117,64291,0
90120,64294,0
90487,64341,0
90506,64360,0
90507,64361,0
90508,64362,0
90510,64364,0
90516,64369,0
90518,64371,0
90519,64372,0
90520,64373,0
90539,64617,0
90558,64633,0
90559,64634,0
90560,64635,0
90566,64636,0
90567,64636,0
90603,64684,0
90604,64685,0
90605,64686,0
90606,64687,0
90611,64692,0
90612,64693,0
90613,64694,0
90624,64705,0
90625,64706,0
90626,64707,0
90627,64708,0
90629,64710,0
90647,64729,0
90702,64782,0
90750,64823,0
90756,64828,0
90758,64830,0
90789,3576,0
90813,64881,0
90817,64881,0
90854,69936,0
90865,64936,0
90902,64971,0
91208,65262,0
91209,65263,0
91282,65336,0
91285,65338,0
91294,65347,0
91316,65360,0
91317,65361,0
91354,65382,0
91488,63660,0
91497,65508,0
91498,65509,0
91499,65510,0
91500,65511,0
91531,65540,0
91538,65547,0
91547,65555,0
91548,65556,0
91564,69935,0
91568,65574,0
91569,65575,0
91607,64881,0
91608,63672,0
91609,63673,0
91610,63884,0
91611,63674,0
91685,65674,0
91688,65677,0
91696,65683,0
91697,65684,0
91698,65685,0
91723,65710,0
91724,65711,0
91725,65712,0
91732,65719,0
91733,65720,0
91734,65721,0
91735,65721,0
91737,65721,0
91738,65722,0
91740,65724,0
91741,65725,0
91743,65726,0
91745,65728,0
91746,65730,0
91751,65735,0
91752,65736,0
91753,65737,0
91754,65738,0
91755,65739,0
91758,65741,0
91760,65743,0
91762,65745,0
91770,65752,0
91772,65753,0
91775,65756,0
91777,65758,0
91794,65770,0
91858,65832,0
91859,65833,0
91860,65834,0
91861,65835,0
91862,65836,0
91877,65851,0
91881,65855,0
91882,65856,0
91883,65857,0
91917,65875,0
91920,65877,0
91921,65878,0
91923,65880,0
91952,65908,0
92008,65967,0
92009,65968,0
92011,65970,0
92014,65973,0
92015,65974,0
92016,65975,0
92017,65976,0
92020,65979,0
92064,66020,0
92065,66021,0
92066,66022,0
92068,66024,0
92069,66025,0
92070,66026,0
92094,66049,0
92100,66055,0
92101,66056,0
92102,66057,0
92109,66064,0
92110,66065,0
92111,66066,0
92124,66076,0
92147,66130,0
92169,66152,0
92171,66154,0
92189,64925,0
92317,66301,0
92328,66312,0
92329,66313,0
92335,69653,0
92343,66318,0
92344,66319,0
92345,66320,0
92346,66320,0
92401,66375,0
92415,66383,0
92421,66387,0
92422,66388,0
92432,66398,0
92433,66399,0
92434,66400,0
92446,66412,0
92449,66414,0
92454,66419,0
92456,66421,0
92457,66422,0
92458,66423,0
92459,66424,0
92460,66425,0
92461,66426,0
92462,66427,0
92463,66428,0
92464,66429,0
92465,66430,0
92466,1330,0
92467,66431,0
92468,66432,0
92469,66433,0
92470,66434,0
92471,66435,0
92472,66436,0
92473,66437,0
92474,66438,0
92479,66443,0
92480,66444,0
92481,66445,0
92482,66446,0
92483,66447,0
92484,66448,0
92485,66449,0
92489,66453,0
92490,66454,0
92500,66464,0
92514,66477,0
92515,66478,0
92516,66479,0
92517,66480,0
92519,66482,0
92521,66484,0
92525,66487,0
92526,66488,0
92527,66489,0
92528,66490,0
92529,66491,0
92532,66493,0
92533,69728,0
92542,66500,0
92543,66501,0
92544,66502,0
92545,66503,0
92548,66505,0
92550,66507,0
92551,66508,0
92552,66509,0
92553,66510,0
92561,69942,0
92562,66518,0
92575,66527,0
92579,66531,0
92590,66541,0
92591,66542,0
92592,66543,0
92593,66544,0
92594,66545,0
92595,66546,0
92596,66547,0
92597,66548,0
92598,66549,0
92609,66560,0
92612,66563,0
92639,66601,0
92640,66602,0
92642,66604,0
92643,66605,0
92644,66606,0
92645,67222,0
92646,67823,0
92679,66641,0
92682,66644,0
92683,66645,0
92684,66646,0
92685,66647,0
92693,66655,0
92698,66660,0
92699,66661,0
92700,66662,0
92701,66663,0
92702,66664,0
92703,66665,0
92706,66666,0
92707,66667,0
92708,66668,0
92709,66669,0
92726,66683,0
92727,66684,0
92741,66698,0
92742,66699,0
92743,66700,0
92744,66701,0
92745,66702,0
92747,66704,0
92748,66705,0
92749,66706,0
92750,66707,0
92751,66708,0
92752,66709,0
92753,66710,0
92754,66711,0
92755,66712,0
92814,66770,0
92817,66772,0
92818,66773,0
92819,66774,0
92822,66776,0
92823,66777,0
92833,66783,0
92834,66784,0
92840,66788,0
92841,66789,0
92842,66790,0
92844,66792,0
92846,66794,0
92847,66795,0
92849,66797,0
92850,66798,0
92858,66803,0
92859,71642,0
92860,66805,0
92867,66812,0
92871,66816,0
92872,66817,0
92873,66818,0
92878,66822,0
92880,66824,0
92881,66825,0
92893,66837,0
92894,66838,0
92908,66852,0
92909,66853,0
92910,66854,0
92911,66855,0
92912,66856,0
92913,66857,0
92914,66858,0
92941,66884,0
92942,66885,0
92947,66890,0
92956,66899,0
92959,66902,0
92960,66903,0
93014,66957,0
93015,66958,0
93016,66959,0
93030,66969,0
93034,66971,0
93035,66972,0
93036,66973,0
93037,66974,0
93041,66975,0
93044,66978,0
93045,66979,0
93054,66987,0
93058,66991,0
93062,66993,0
93065,66996,0
93066,66997,0
93072,67000,0
93089,67017,0
93090,67018,0
93122,67049,0
93123,67050,0
93125,67052,0
93126,67053,0
93127,67054,0
93128,67055,0
93129,67056,0
93156,67083,0
93159,67084,0
93160,67085,0
93163,67087,0
93165,67088,0
93166,67089,0
93167,67090,0
93172,67095,0
93173,67096,0
93174,67097,0
93175,67098,0
93176,67099,0
93188,67111,0
93196,67119,0
93197,67120,0
93224,67148,0
93225,67148,0
93226,67150,0
93227,67150,0
93269,67185,0
93314,67198,0
93316,67199,0
93317,67200,0
93318,67201,0
93319,67202,0
93320,67203,0
93341,67225,0
93362,67246,0
93383,67256,0
93394,67267,0
93404,67274,0
93406,67276,0
93407,67277,0
93422,67292,0
93429,67299,0
93430,67300,0
93443,68297,0
93444,67313,0
93450,67319,0
93451,67319,0
93458,67326,0
93460,67328,0
93461,67329,0
93462,67330,0
93463,67331,0
93464,67332,0
93465,67333,0
93510,67378,0
93521,67386,0
93546,67410,0
93547,67411,0
93551,67415,0
93552,67416,0
93567,67430,0
93568,67431,0
93572,67543,0
93574,67437,0
93580,67443,0
93584,67447,0
93585,67448,0
93594,67456,0
93601,67461,0
93604,67464,0
93606,67466,0
93609,67469,0
93615,67475,0
93617,67477,0
93644,67503,0
93653,67511,0
93654,67512,0
93655,67513,0
93656,67514,0
93657,67515,0
93658,67516,0
93659,67517,0
93660,67518,0
93661,67519,0
93662,67520,0
93663,67521,0
93678,67538,0
93679,67539,0
93680,67540,0
93684,67542,0
93685,67435,0
93689,67546,0
93732,67589,0
93733,67590,0
93735,67592,0
93736,67593,0
93737,67594,0
93738,67595,0
93739,67596,0
93740,67597,0
93746,67603,0
93747,67604,0
93759,67616,0
93773,67627,0
93786,67640,0
93787,67641,0
93788,67642,0
93791,67645,0
93797,67651,0
93825,67676,0
93826,67677,0
93827,67678,0
93828,67679,0
93830,67681,0
93831,68712,0
93832,67683,0
93833,67684,0
93834,67685,0
93835,67823,0
93836,67686,0
93844,67694,0
93845,67695,0
93846,67696,0
93847,67697,0
93848,67698,0
93854,67704,0
93894,67736,0
93900,67742,0
93926,67761,0
93927,67762,0
93928,67763,0
93948,67783,0
93949,67784,0
93951,67786,0
93952,67787,0
93958,67790,0
93963,67795,0
93971,67801,0
93976,67802,0
94003,67828,0
94004,69094,0
94006,67830,0
94007,70588,0
94013,2534,0
94049,67868,0
94050,67869,0
94212,69095,0
94213,69096,0
94214,69098,0
94215,69099,0
94216,69100,0
94217,69101,0
94218,69102,0
94219,69103,0
94220,69104,0
94221,69105,0
94222,69106,0
94223,69107,0
94224,69108,0
94225,69109,0
94226,69110,0
94227,69111,0
94228,69112,0
94229,69113,0
94230,69114,0
94231,69115,0
94232,69116,0
94233,69117,0
94234,69118,0
94235,69119,0
94236,69120,0
94237,69121,0
94238,69122,0
94239,69123,0
94240,69124,0
94241,69125,0
94242,69126,0
94243,69127,0
94244,69128,0
94245,69129,0
94246,69130,0
94247,69131,0
94248,69132,0
94249,69133,0
94250,69134,0
94251,69135,0
94252,69136,0
94253,69137,0
94254,69138,0
94255,69139,0
94256,69140,0
94257,69141,0
94258,69142,0
94259,69143,0
94260,69144,0
94261,69145,0
94262,69146,0
94263,69147,0
94264,69148,0
94265,69149,0
94266,69150,0
94267,69151,0
94268,69152,0
94269,69153,0
94270,69154,0
94271,69155,0
94272,69156,0
94273,69157,0
94274,69158,0
94275,69159,0
94276,69160,0
94277,69161,0
94278,69162,0
94279,69163,0
94280,69164,0
94281,69165,0
94282,69166,0
94283,69167,0
94284,69168,0
94285,69169,0
94286,69170,0
94287,69171,0
94288,69172,0
94289,69173,0
94290,69174,0
94291,69175,0
94292,69176,0
94293,69177,0
94294,69178,0
94295,69179,0
94296,69180,0
94297,69181,0
94298,69182,0
94299,69183,0
94300,69184,0
94301,69185,0
94302,69186,0
94303,69187,0
94304,69188,0
94305,69189,0
94306,69190,0
94307,69191,0
94308,69192,0
94309,69193,0
94310,69194,0
94311,69195,0
94312,69196,0
94313,69197,0
94314,69198,0
94315,69199,0
94316,69200,0
94317,69201,0
94318,69202,0
94319,69203,0
94320,69204,0
94321,69205,0
94322,69206,0
94323,69207,0
94324,69208,0
94325,69209,0
94326,69210,0
94327,69211,0
94328,69212,0
94329,69213,0
94330,69214,0
94331,69215,0
94332,69216,0
94333,69217,0
94334,69218,0
94335,69219,0
94336,69220,0
94337,69221,0
94338,69222,0
94339,69223,0
94340,69224,0
94341,69225,0
94342,69226,0
94343,69227,0
94344,69228,0
94345,69229,0
94346,69230,0
94347,69231,0
94348,69232,0
94349,69233,0
94350,69234,0
94351,69235,0
94352,69236,0
94353,69237,0
94354,69238,0
94355,69239,0
94356,69240,0
94357,69241,0
94358,69242,0
94359,69243,0
94360,69244,0
94369,67883,0
94373,67887,0
94374,67888,0
94375,67889,0
94405,67916,0
94406,67917,0
94407,67918,0
94411,67922,0
94413,67923,0
94414,67924,0
94427,67938,0
94434,67945,0
94435,67946,0
94436,67947,0
94438,67949,0
94440,67951,0
94441,67952,0
94449,67959,0
94465,67973,0
94466,67974,0
94467,67975,0
94468,67976,0
94479,67984,0
94480,67985,0
94481,67986,0
94483,67988,0
94484,67989,0
94485,67990,0
94486,67991,0
94487,67992,0
94488,67993,0
94489,67994,0
94490,67995,0
94491,67996,0
94493,67997,0
94494,67998,0
94495,67999,0
94497,68000,0
94499,68001,0
94500,68002,0
94501,68109,0
94502,68004,0
94503,68005,0
94504,70114,0
94505,68006,0
94532,68033,0
94533,68034,0
94535,68035,0
94556,68056,0
94559,68057,0
94568,68066,0
94613,68104,0
94614,68105,0
94615,68106,0
94617,68110,0
94618,68111,0
94634,68124,0
94638,68128,0
94668,68158,0
94669,68159,0
94670,68160,0
94672,68162,0
94678,68033,0
94679,68034,0
94680,68168,0
94727,68215,0
94733,68221,0
94734,68222,0
94737,68225,0
94739,68227,0
94744,68232,0
94745,68233,0
94748,68235,0
94768,68256,0
94773,68258,0
94774,68258,0
94775,68258,0
94776,68258,0
94777,68258,0
94778,68258,0
94779,68258,0
94782,65855,0
94789,68264,0
94792,68266,0
94793,68267,0
94817,68287,0
94818,68288,0
94819,68288,0
94820,68288,0
94821,68287,0
94822,68287,0
94823,68287,0
94824,68287,0
94825,68287,0
94826,68287,0
94829,68291,0
94832,69563,0
94841,68297,0
94842,68298,0
94843,68299,0
94857,68305,0
94858,68306,0
94861,68309,0
94863,68311,0
94864,68312,0
94872,67150,0
94873,67150,0
94877,68323,0
94879,68324,0
94881,68325,0
94884,68328,0
94885,68329,0
94886,68330,0
94887,68331,0
94888,68332,0
94889,68333,0
94890,68334,0
94891,68335,0
94892,68336,0
94893,68337,0
94894,68338,0
94895,68297,0
94896,68340,0
94897,68341,0
94898,68342,0
94901,68343,0
94902,68344,0
94907,68348,0
94911,68352,0
94912,68353,0
94913,68354,0
94914,68355,0
94923,68364,0
94924,68365,0
94925,68366,0
94926,68367,0
94927,68368,0
94928,68369,0
94929,68370,0
94930,68297,0
94931,68371,0
94946,68382,0
94947,68383,0
94948,68384,0
94961,68394,0
94962,68395,0
94963,68396,0
94964,68397,0
94965,68398,0
94968,68401,0
94969,68402,0
94971,68403,0
94972,68404,0
94973,68405,0
94974,68406,0
94975,68407,0
94978,68409,0
94979,68443,0
94980,68411,0
94981,68412,0
94982,68413,0
94983,68414,0
94984,68415,0
94992,68423,0
94997,68428,0
94998,68429,0
94999,68430,0
95006,68437,0
95025,69652,0
95026,66414,0
95027,66560,0
95032,66412,0
95033,66317,0
95034,68456,0
95036,68458,0
95041,68462,0
95056,68475,0
95059,68478,0
95062,68481,0
95063,68482,0
95064,68483,0
95065,68484,0
95066,68485,0
95107,68494,0
95108,68495,0
95111,68498,0
95118,68505,0
95119,68506,0
95120,68507,0
95121,68508,0
95122,68509,0
95123,68510,0
95124,68511,0
95125,68512,0
95126,68513,0
95140,68527,0
95141,68528,0
95143,68530,0
95144,68532,0
95147,68535,0
95148,68536,0
95156,68544,0
95161,68549,0
95162,68550,0
95163,68551,0
95165,68553,0
95181,68568,0
95183,68569,0
95184,68570,0
95189,68575,0
95194,68580,0
95195,68581,0
95196,68582,0
95198,68584,0
95204,68575,0
95212,68597,0
95213,68598,0
95214,68599,0
95216,68601,0
95217,68602,0
95218,68603,0
95219,68604,0
95248,65677,0
95250,68616,0
95254,68620,0
95260,68625,0
95261,68626,0
95262,68627,0
95263,68628,0
95264,68629,0
95267,68630,0
95273,68634,0
95278,68638,0
95283,68643,0
95284,68644,0
95285,68645,0
95288,68648,0
95293,68652,0
95294,68653,0
95295,68654,0
95296,68655,0
95309,68668,0
95312,68671,0
95314,68672,0
95315,68673,0
95316,68674,0
95317,68675,0
95318,68676,0
95319,68677,0
95320,68678,0
95321,68679,0
95322,68680,0
95325,68683,0
95326,68684,0
95327,68685,0
95328,68686,0
95329,68688,0
95330,68689,0
95331,68690,0
95349,68708,0
95350,68709,0
95351,68710,0
95365,68716,0
95377,68722,0
95378,68723,0
95379,68724,0
95380,68725,0
95383,68730,0
95384,68731,0
95385,68732,0
95417,68763,0
95418,68764,0
95419,68765,0
95420,68766,0
95424,68770,0
95425,68771,0
95426,68772,0
95427,68773,0
95428,68774,0
95431,68777,0
95432,68778,0
95433,68779,0
95454,68799,0
95472,68812,0
95483,68822,0
95494,68833,0
95495,68834,0
95497,68836,0
95498,68837,0
95499,68838,0
95500,68839,0
95501,68840,0
95502,68841,0
95503,68842,0
95504,68843,0
95505,68844,0
95506,68845,0
95507,68846,0
95508,68847,0
95511,68848,0
95512,68849,0
95534,68871,0
95544,68881,0
95555,68892,0
95556,68893,0
95557,68894,0
95560,68897,0
95561,68898,0
95562,68899,0
95568,68905,0
95569,68906,0
95570,68907,0
95586,68918,0
95588,68919,0
95599,68924,0
95600,68925,0
95601,68926,0
95602,68927,0
95603,68928,0
95611,68936,0
95613,68938,0
95615,68940,0
95621,68946,0
95642,68967,0
95643,68968,0
95646,68969,0
95647,68970,0
95663,68985,0
95664,68986,0
95682,69286,0
95697,69015,0
95726,69044,0
95730,69047,0
95736,69053,0
95737,69285,0
95738,69055,0
95739,69056,0
95748,69065,0
95751,69068,0
95753,69070,0
95766,69083,0
95769,69937,0
95770,69086,0
95771,69087,0
95772,69088,0
95773,69089,0
95774,69090,0
95775,69091,0
95776,69092,0
95786,69252,0
95787,69253,0
95788,69254,0
95789,69255,0
95790,69256,0
95791,69257,0
95792,69258,0
95793,69259,0
95795,69261,0
95798,69264,0
95799,71484,0
95803,69267,0
95805,69269,0
95809,69272,0
95810,69740,0
95816,69279,0
95817,69280,0
95818,69281,0
95819,69282,0
95820,69283,0
95821,69284,0
95882,69340,0
95883,69341,0
95884,69342,0
95885,69343,0
95912,69370,0
95913,69371,0
95924,69379,0
95925,69380,0
95926,69381,0
95928,69383,0
95934,69389,0
95935,69390,0
95936,69391,0
95943,69398,0
95944,69399,0
95945,69400,0
95946,69401,0
95947,69402,0
95948,69403,0
95949,69404,0
95950,69405,0
95951,69406,0
95955,69410,0
95957,69412,0
95961,69416,0
95975,69430,0
95977,69432,0
95978,69433,0
95979,69434,0
95980,69435,0
95981,69436,0
95982,69437,0
95983,69438,0
95984,69439,0
95986,69441,0
95988,69443,0
95991,69446,0
95992,69447,0
95993,69448,0
95998,69451,0
95999,69452,0
96003,69456,0
96009,69458,0
96010,69459,0
96015,69460,0
96016,55027,0
96018,69463,0
96020,69465,0
96025,69467,0
96026,69468,0
96027,69469,0
96028,69470,0
96031,69473,0
96044,69486,0
96045,69487,0
96046,69488,0
96047,69489,0
96050,69492,0
96055,69497,0
96056,69498,0
96057,69499,0
96058,69500,0
96059,69501,0
96060,69502,0
96062,69504,0
96063,69505,0
96064,69506,0
96065,69507,0
96067,69509,0
96075,69516,0
96076,69516,0
96077,69733,0
96078,69518,0
96079,69519,0
96081,69521,0
96082,69522,0
96083,69523,0
96084,69524,0
96085,69525,0
96087,69516,0
96088,69516,0
96101,69451,0
96102,69499,0
96103,69540,0
96104,69541,0
96105,69542,0
96107,69544,0
96108,69545,0
96109,69546,0
96125,69562,0
96126,69564,0
96130,69566,0
96131,69567,0
96132,69568,0
96133,69569,0
96134,69570,0
96135,54955,0
96136,1342,0
96137,71620,0
96138,71433,0
96139,71609,0
96145,69517,0
96185,69615,0
96186,69616,0
96187,69617,0
96188,69618,0
96189,69619,0
96190,69620,0
96191,69621,0
96192,69622,0
96193,69623,0
96194,69624,0
96195,69625,0
96196,69626,0
96197,69627,0
96198,69628,0
96199,69629,0
96200,69630,0
96201,69631,0
96202,69632,0
96203,69633,0
96204,69634,0
96209,69639,0
96222,69651,0
96241,69670,0
96243,69672,0
96247,69675,0
96248,69676,0
96249,69677,0
96250,69678,0
96251,69679,0
96252,69680,0
96255,69682,0
96256,69683,0
96257,69684,0
96258,69685,0
96259,69686,0
96260,69687,0
96261,69688,0
96262,69694,0
96263,69695,0
96264,69696,0
96265,70555,0
96266,70572,0
96294,69722,0
96296,69724,0
96301,69730,0
96302,69731,0
96303,69732,0
96321,69747,0
96322,69748,0
96328,69753,0
96332,69757,0
96334,69759,0
96335,69760,0
96337,69761,0
96339,69766,0
96340,69767,0
96341,69768,0
96342,69769,0
96343,69770,0
96344,69771,0
96351,69773,0
96366,69782,0
96367,69783,0
96368,69784,0
96369,69785,0
96376,69792,0
96377,69792,0
96379,69792,0
96381,69794,0
96383,69796,0
96384,69797,0
96385,69798,0
96386,69799,0
96387,69800,0
96390,69803,0
96391,69804,0
96392,69805,0
96393,69806,0
96394,69807,0
96395,69808,0
96396,69809,0
96397,69810,0
96398,69811,0
96399,69812,0
96403,69816,0
96404,69817,0
96405,69818,0
96406,69819,0
96407,69820,0
96408,69821,0
96411,69824,0
96412,69825,0
96413,69826,0
96414,69827,0
96415,69828,0
96418,69831,0
96419,69832,0
96420,69833,0
96421,69834,0
96422,69835,0
96423,69836,0
96424,69837,0
96425,69838,0
96435,69848,0
96437,69850,0
96438,69851,0
96449,69862,0
96452,69865,0
96476,69883,0
96477,69884,0
96494,69900,0
96524,69929,0
96526,69931,0
96529,69934,0
96530,69938,0
96531,69939,0
96550,69957,0
96558,69965,0
96559,69966,0
96561,69968,0
96603,70007,0
96604,69451,0
96605,69451,0
96606,69451,0
96607,69451,0
96608,69451,0
96609,70008,0
96616,70015,0
96622,70018,0
96626,70021,0
96627,70022,0
96628,70022,0
96629,70021,0
96630,70022,0
96634,70021,0
96638,70022,0
96646,70021,0
96652,70022,0
96653,70041,0
96654,70042,0
96655,70021,0
96656,70022,0
96658,70021,0
96659,70022,0
96661,70021,0
96666,70049,0
96674,70056,0
96676,70058,0
96735,70116,0
96769,70148,0
96770,70149,0
96771,70150,0
96772,70151,0
96773,70152,0
96774,70153,0
96775,70154,0
96776,70155,0
96779,70157,0
96781,70159,0
96782,70160,0
96783,70161,0
96784,70162,0
96785,70163,0
96786,70164,0
96796,70173,0
96797,70175,0
96798,70176,0
96799,70177,0
96800,70178,0
96811,70189,0
96812,70190,0
96821,70199,0
96822,70200,0
96825,70202,0
96828,70206,0
96830,70208,0
96833,70208,0
96873,70247,0
96874,70248,0
96875,70249,0
96876,70250,0
96877,70251,0
96895,70267,0
96896,70268,0
96897,70269,0
96898,70270,0
96899,70271,0
96912,70284,0
96913,70285,0
96914,70286,0
96915,70287,0
96916,70288,0
96917,70289,0
96918,70290,0
96919,70291,0
96920,70292,0
96921,70293,0
96930,70302,0
96931,70303,0
96939,70310,0
96957,70328,0
96959,70329,0
96964,70334,0
96971,70341,0
96978,70347,0
96979,70348,0
96982,68848,0
96983,70350,0
96984,66423,0
96986,70352,0
96987,70353,0
96988,70354,0
96989,68848,0
96991,70355,0
96992,70356,0
96994,68848,0
96996,68848,0
96997,68848,0
96998,70359,0
96999,70360,0
97000,70361,0
97001,70362,0
97003,70363,0
97005,70364,0
97006,70365,0
97007,70366,0
97009,70367,0
97010,70368,0
97017,68848,0
97018,70375,0
97022,70378,0
97045,68848,0
97046,68848,0
97047,70402,0
97048,70403,0
97049,70404,0
97074,70375,0
97078,70428,0
97119,66399,0
97130,70474,0
97168,2831,0
97169,3019,0
97170,70375,0
97171,68848,0
97173,70511,0
97174,2809,0
97175,2808,0
97176,2811,0
97177,2810,0
97178,2812,0
97179,2813,0
97180,2818,0
97182,2814,0
97183,2830,0
97184,2816,0
97185,2817,0
97186,2815,0
97188,70375,0
97194,70375,0
97196,70520,0
97197,70521,0
97198,70522,0
97200,70375,0
97203,70375,0
97204,70375,0
97205,70375,0
97220,70539,0
97222,70541,0
97223,70544,0
97225,70546,0
97234,70556,0
97235,70557,0
97236,70558,0
97237,70559,0
97242,70563,0
97243,1335,0
97244,70564,0
97245,70565,0
97246,70566,0
97249,70569,0
97250,70570,0
97252,70573,0
97253,70574,0
97257,70577,0
97263,70583,0
97264,70584,0
97265,70585,0
97266,70586,0
97268,70589,0
97269,70590,0
97270,70591,0
97272,70592,0
97273,70593,0
97275,70594,0
97277,70596,0
97279,70598,0
97281,70600,0
97282,70601,0
97284,70603,0
97286,70605,0
97287,70606,0
97288,70607,0
97289,70608,0
97290,70609,0
97291,70610,0
97292,70611,0
97319,66790,0
97326,70643,0
97327,70644,0
97328,70645,0
97329,70646,0
97331,70647,0
97332,70648,0
97378,70695,0
97386,70703,0
97403,70720,0
97404,70721,0
97405,70722,0
97411,3269,0
97412,3274,0
97413,3285,0
97414,3381,0
97420,70733,0
97446,68848,0
97447,3265,0
97448,3273,0
97449,3285,0
97450,3380,0
97453,70757,0
97485,70787,0
97486,70788,0
97487,70789,0
97488,70790,0
97489,70791,0
97490,70792,0
97530,70831,0
97534,70834,0
97536,70834,0
97538,70837,0
97539,70838,0
97540,70839,0
97558,70855,0
97617,70913,0
97663,70956,0
97821,71102,0
97883,71159,0
97884,71160,0
97891,71166,0
97894,71169,0
97899,69487,0
97900,69486,0
97901,69501,0
97902,69500,0
97903,69489,0
97904,69492,0
97905,69497,0
97906,69473,0
97907,69488,0
97908,69498,0
97914,71179,0
97915,69487,0
97916,69486,0
97917,69501,0
97918,69500,0
97919,69489,0
97920,69492,0
97921,69497,0
97922,69473,0
97923,69488,0
97924,69498,0
97925,69499,0
97926,71180,0
97927,69487,0
97928,69486,0
97929,69501,0
97930,69500,0
97931,69489,0
97932,69492,0
97933,69497,0
97934,69473,0
97935,69488,0
97936,69498,0
97937,69499,0
97938,69487,0
97939,69486,0
97940,69501,0
97941,69500,0
97942,69489,0
97943,69492,0
97944,69497,0
97946,69473,0
97948,69488,0
97949,69498,0
97950,69499,0
97951,69487,0
97952,69486,0
97953,69501,0
97954,69500,0
97955,69489,0
97956,69492,0
97957,69497,0
97958,69473,0
97959,69488,0
97960,69498,0
97961,69499,0
97963,69487,0
97964,69486,0
97965,69489,0
97967,69492,0
97968,69497,0
97969,69473,0
97970,69488,0
97971,69498,0
97972,69499,0
97973,69499,0
97977,71188,0
97979,71190,0
97984,71196,0
97985,71197,0
97986,71198,0
97987,71199,0
97988,71199,0
98013,71223,0
98021,71228,0
98024,71231,0
98025,71232,0
98027,71234,0
98028,71235,0
98042,71249,0
98046,71253,0
98059,71266,0
98065,71271,0
98067,71273,0
98069,71275,0
98070,71276,0
98071,71277,0
98072,71278,0
98093,71299,0
98094,71300,0
98095,71301,0
98096,71302,0
98109,71315,0
98155,71358,0
98156,71359,0
98166,68848,0
98189,71392,0
98190,71393,0
98191,71394,0
98192,71395,0
98197,71400,0
98203,71406,0
98205,71408,0
98208,71411,0
98209,71412,0
98215,71416,0
98216,71417,0
98219,71420,0
98221,71422,0
98223,71424,0
98224,71425,0
98225,71426,0
98230,71431,0
98231,71432,0
98233,71435,0
98240,71442,0
98245,71447,0
98246,71448,0
98247,71449,0
98248,71449,0
98251,71452,0
98252,71453,0
98282,71483,0
98283,71485,0
98284,69501,0
98285,69500,0
98286,69501,0
98287,69500,0
98289,71487,0
98291,71489,0
98293,71491,0
98294,71492,0
98297,71494,0
98298,71495,0
98299,71496,0
98300,71497,0
98310,71507,0
98313,71510,0
98319,71516,0
98321,71518,0
98322,71519,0
98323,71520,0
98325,71522,0
98326,71523,0
98338,54953,0
98340,71535,0
98341,71536,0
98342,71537,0
98362,71557,0
98386,71576,0
98387,71577,0
98389,71579,0
98391,71581,0
98392,71582,0
98393,71535,0
98394,71536,0
98395,71583,0
98396,71537,0
98397,71557,0
98398,71584,0
98403,71589,0
98404,71537,0
98405,71536,0
98407,71591,0
98417,71601,0
98418,71602,0
98423,71605,0
98424,71606,0
98426,71608,0
98427,71610,0
98430,71613,0
98435,71618,0
98447,71631,0
98459,71641,0
98461,71644,0
98463,71645,0
98465,71646,0
98466,71647,0
98467,71648,0
98468,71649,0
98469,71650,0
98470,71651,0
98471,71652,0
98472,71653,0
98477,71657,0
98512,71692,0
98517,71697,0
98520,71699,0
98545,71716,0
98574,71743,0
98575,71744,0
98576,71745,0
98581,71750,0
98601,71767,0
98731,71888,0
98738,71888,0
98739,71888,0
98815,71967,0
98823,71974,0
98824,71975,0
98830,71981,0
98887,72036,0
98889,72036,0
98891,72036,0
98893,72036,0
98895,72040,0
98897,72040,0
98899,72040,0
98901,72040,0
98903,72044,0
98904,72044,0
98905,72044,0
98906,72044,0
98907,72044,0
98908,72044,0
98910,72052,0
98911,72052,0
98912,72052,0
98913,72055,0
98914,72055,0
98915,72055,0
98916,72058,0
98917,72059,0
98918,72060,0
98919,72060,0
98977,72114,0
98983,72115,0
99043,72135,0
99045,72136,0
99046,72137,0
99047,72138,0
99048,72139,0
99049,72140,0
99050,72141,0
99051,72142,0
99052,72143,0
99053,72144,0
99054,72145,0
99055,72146,0
99056,72147,0
99063,72151,0
99064,72152,0
99065,72153,0
99066,72154,0
99067,72155,0
99068,72156,0
99073,72161,0
99079,72167,0
99080,72168,0
99081,72169,0
99082,72170,0
99101,72189,0
99108,72196,0
99123,72207,0
99127,72211,0
99128,72212,0
99129,72213,0
99130,72214,0
99131,72215,0
99134,72218,0
99141,72225,0
99142,72226,0
99143,72227,0
99144,72228,0
99145,72229,0
99152,72235,0
99153,72236,0
99156,72239,0
99158,72241,0
99159,72242,0
99160,72243,0
99161,72244,0
99162,72245,0
99187,72265,0
99191,72269,0
99192,72270,0
99193,72271,0
99194,72272,0
99196,72273,0
99197,72274,0
99198,72275,0
99199,72276,0
99201,72277,0
99202,72277,0
99203,72277,0
99204,72277,0
99205,72277,0
99206,72277,0
99207,72277,0
99208,72277,0
99209,72277,0
99210,72278,0
99211,72278,0
99212,72278,0
99213,72278,0
99214,72278,0
99215,72278,0
99216,72278,0
99217,72278,0
99218,72278,0
99233,70591,0
99234,70591,0
